"CREATE TABLE ""auth_user"" (""id"" integer NOT NULL PRIMARY KEY AUTOINCREMENT, ""password"" varchar(128) NOT NULL, ""last_login"" datetime NOT NULL, ""is_superuser"" bool NOT NULL, ""username"" varchar(30) NOT NULL UNIQUE, ""first_name"" varchar(30) NOT NULL, ""last_name"" varchar(30) NOT NULL, ""email"" varchar(75) NOT NULL, ""is_staff"" bool NOT NULL, ""is_active"" bool NOT NULL, ""date_joined"" datetime NOT NULL)1"
"E"
""
"	auth_user"
""
"/"
"#mof_networkcomment	#!mof_networkconnection#mof_networkpostsessionssession%#contenttypescontenttypeauthuserauthgroup!authpermission	adminlogentry"
"."
""
""
"view_mof(!"
"delete_mof'!"
"change_mof&"
"add_mof%%	view_comment$)	delete_comment#)	change_comment""#	add_comment!+view_connection /delete_connection/change_connection)add_connectionview_post#delete_post#change_postadd_post%view_session)delete_session)change_session#add_session-view_contenttype1delete_contenttype1change_contenttype+add_contenttypeview_user#delete_user#change_useradd_user!view_group%delete_group%change_group"
"add_group	+view_permission/delete_permission/change_permission)add_permission	'view_logentry	+delete_logentry	+change_logentry	%	add_logentry"
""
""
""
""
"("
"'"
"&"
"%	$	#	""	! "
"						"
""
""
""
""
""
""
"+	>~3f"
""
"		,X"
"CREATE TABLE ""auth_user"" (""id"" integer NOT NULL PRIMARY KEY AUTOINCREMENT, ""password"" varchar(128) NOT NULL, ""last_login"" datetime NULL, ""is_superuser"" bool NOT NULL, ""username"" varchar(150) NOT NULL UNIQUE, ""first_name"" varchar(30) NOT NULL, ""email"" varchar(254) NOT NULL, ""is_staff"" bool NOT NULL, ""is_active"" bool NOT NULL, ""date_joined"" datetime NOT NULL, ""last_name"" varchar(150) NOT NULL)$']+Mindexauth_permission_content_type_id_2f476e4bauth_permissionCREATE INDEX ""auth_permission_content_type_id_2f476e4b"" ON ""auth_permission"" (""content_type_id"")S&y+indexauth_permission_content_type_id_codename_01ab375a_uniqauth_permissionCREATE UNIQUE INDEX ""auth_permission_content_type_id_codename_01ab375a_uniq"" ON ""auth_permission"" (""content_type_id"", ""codename"")%%++tableauth_permissionauth_permissionCREATE TABLE ""auth_permission"" (""id"" integer NOT NULL PRIMARY KEY AUTOINCREMENT, ""content_type_id"" integer NOT NULL REFERENCES ""django_content_type"" (""id"") DEFERRABLE INITIALLY DEFERRED, ""codename"" varchar(100) NOT NULL, ""name"" varchar(255) NOT NULL)H$o3{indexdjango_content_type_app_label_model_76bd3d3b_uniqdjango_content_typeCREATE UNIQUE INDEX ""django_content_type_app_label_model_76bd3d3b_uniq"" ON ""django_content_type"" (""app_label"", ""model"")I#339tabledjango_content_typedjango_content_typeCREATE TABLE ""django_content_type"" (""id"" integer NOT NULL PRIMARY KEY AUTOINCREMENT, ""app_label"" varchar(100) NOT NULL, ""model"" varchar(100) NOT NULL)"
""
""
""
""
"			"
""
"[	"
(
""
""
""
""
d
D
(
"view_mofCan view mof'"
"delete_mofCan delete mof&"
"change_mofCan change mof%"
"add_mofCan add mof""$"
""
""
""
""
"AFULAP"
"AFEBAQAA	A"
""
"B"
";'WOWNED@4֡b@o]@S?($J(C17 H11 N5 Ni1 O4 S1)nC2/c@SWOWNED_lo.png[,"
"/'QIXGUZ@,=@Xިc@"
"=q?A}(C20 H16 Cu2 N6)nPca21?^NQIXGUZ_lo.pnge+"
"C'PUQDIQ@:}O@2m@iG?mV(C13 H10 Ag1 F6 N2 S1 Sb1)nP21/c?	ͳ}PUQDIQ_lo.png_)"
"5'FAPTIB@VC-@Tc4@?{e@y(C18 H13 Cd1 N3 O4)nP21212@FAPTIB_lo.pngc("
";+DUKQAC01@9؃4D@-Z@33333??(C22 H18 Ag1 N2 O6 1-)nP-1@33333DUKQAC01_lo.pnga'"
"='RUHFUX@ c@ҝ%@#"
"=q?j`VC10.98 Cu3 Nd3 O26 S0.99P213@#"
=qRUHFUX_lo.png]&
"5'FOGGIT@:S@nwp@pV"
"=q?i,e(C10 H12 Co1 N4 O8)nPccn?İFOGGIT_lo.pngd%"
"C'DIZDAT@T6@u:>/@};dZ? [6(C14.5 H16 N6 O4.5 Pb1 S1)nC2/c@};dZDIZDAT_lo.png\$"
"5'XUNHAQ@ˇ@z;'@lC?-*EM(C17 H17 Li2 N3 O5)nP21@lCXUNHAQ_lo.png\#"
"5'BEPNIV@ Iڐ@ +a@n?Pr[(C11 H17 N2 O6 Zn1)nP61?ᣘ BEPNIV_lo.pngd"""
";+PIHQUU01@@@uMU@I^5??.2(C11 H11 N4 O4 P1 Zn1)nPbca?)r\PIHQUU01_lo.png`!"
";'FECPIM@0!5@TuL@yzH?D(M(C9 H13 Cu1 N2 Na1 O8)nP432?ݗ+jFECPIM_lo.pnge "
"C'FUTYEA@le@@UDR@?$tS(C14.424 H17.56 N1 O6 Zn1)nP21/n@FUTYEA_lo.png\*"
"3'OHAGAH@@K@?[}F(C14 H9 Cu1 N1 O5)nPbcn@OHAGAH_lo.pnga"
"='PAVRIO@p(߹9@tj@zhr!?TuL(C15 H18 Cl2 N4 O3 Zn1)nPnna?"
"E'DUGFAO@,Yt[@(	c@o?F(C16 H10.5 N2 O4.25 S1 Zn1)nP21/c?FsDUGFAO_lo.pnga"
"?'CUQKIK@/ej@L~@"
";+JUZXAD01@g@f;@gϝ-V?}(C12 H16 Cu1 N4 O9 S1)nP212121@gϝ-VJUZXAD01_lo.png\"
"5'DARYEB@\(@p@I^5??"
"/+PITYUN02@&@v@o?;<ϖ(C12 Ag3 F18 N9)nI-42d@oPITYUN02_lo.pngb"
"5+NANYUX03@-Z[(@ڤ+@=p"
"?sБ}(C14 H18 N2 O7 Zn1)nP21/n@=p"
"NANYUX03_lo.pnge"
"G'HUFHEX@!nmu@E84@\(?s8q`l(C11 H14 Ag1 F6 N4 O1 P1 S1)nR-3@\(HUFHEX_lo.png["
"/'MIYGUX@UqK@.	@^5?}?ցԪ(C10 H12 Cu2 N4)nI-43d@^5?}MIYGUX_lo.png_"
";'FEKGEI@A [@4	@bbM@Auy((C10 H23 I5 N4 O2 Pb2)nP-1?^5?"
"5'OPOBIF@76g@VM@eC%??>p(C13 H12 N6 O5 Zn2)nR-3@eC%OPOBIF_lo.png_"
";'FUSNAJ@%]cA@#U2a"
"5'XAPSIS@u@_@G{?P}ke(C16 H18 Co1 N2 O7)nP21/n?E"
"XAPSIS_lo.png\"
"5'BEPPOD@#<ؘ@""	@l?P{(C12 H19 N2 O6 Zn1)nP61?(bBEPPOD_lo.png`"
"='AFULAP@3-@@x@"
"3'WUFFOT@G2P]@+e%@g\Z1@"
"1'ELIKEQ@B@uO7u@sD=p"
"?ws(C15 H13 Nd1 O10)nP-1@sD=p"
ELIKEQ_lo.png_
";'FUSMIQ@$y(@"""
"(w@\)?'(C17 H18 Ag1 F3 N2 O4)nR-3?B0FUSMIQ_lo.pngf"
"A+POKBOH01@1;@FV@07KƧ?*0(C13 H15 Ag1 F6 N3 O2 P1)nP41@07KƧPOKBOH01_lo.png`"
";'DEYNIG@Z1@%@/9#w@.3(C10 H10 Cu3 I2 N4 O7)nPbcn@/9#wDEYNIG_lo.png^"
""
"5'YIXYUB@yg@q4@t9XbN?Ws(C9 H8 Cd1 N3 O3.5)nP42/n?<YIXYUB_lo.png]	"
"5'GAXKUN@)<"
"(@ԕ*@"
"=q?ie'_(C24 H16 Cd1 N2 O4)nPnna@"
"=qGAXKUN_lo.png_"
";'KABVOA@ł@"
"5+PARKUQ01@,@u:?@\(?Ć-(C15 H20 Cd1 N2 O7)nP21/n@\(PARKUQ01_lo.png4"
"QD44comm_contrib/DAFWEN_lo_8xgRdhw.png,"
"AE55comm_contrib/EBEMOO_lo.png,"
"AC33comm_contrib/CADZOY_lo.png4"
""
""
""
""
""
""
""
""
""
""
""
""
""
p
d
X
L
@
4
"&"
""
""
"												t	i	^	R	E	9	-	!		xl`TxF:."""
"<0%zocWK@4(wk`TH<0$RUBYUKuFUDGOCtGAXKUNsNOWHIQpGITVIP01nLAVTINmICALOPlYEMJACkFURREQjOWITUKiHUVKAKfKABVOAeDOQSAFdAFULAPcTAMJEYbVAVKEKaNABMUA01_ZUDQUM2ZOZZAR"
"YOTYAJ2YIXZAI"
"YIXYUB"
"YIRFAIYIKJUZ"
"YAKJUR^XUTGEA>"
"XUNHAQ$XIJNUAhXICNOO01"
"XEFKICN"
"XAPSISXAJWIQWUFFOTTWUDNUG"
"WOWNED-WOBHOMHWITKOB"
"WESZIEg"
"WESYOJqWAJJOI015WAJJOI"
"WAJJAU3WAJHUM"
"VOFYAS."
"VOFXULeVIXBEK"
"VANWIS4VACFUB"
"URIPIVMTUYQAHTUPDIT01@TUPDIT"
"SOMFEGaSIXFIQ01:SIXFIQ"
"RUHFUX'"
"RUHFILjRIWBOP RIGWIPKRERQEM"
"QUQQUPCQUQPOI"
"QIXGUZ,"
"QATPUX@PYDCUO01"
"PAVRIO"
"PASFIADPASFAS""PARKUQ01"
"PANDOXn"
"OWIVAS?OWITIY3OQETEK"
"OPOBIF"
"OHAGAH*OFUYUL"
"OCIYUWkNUXYIPFNUMVIAgNUJWEWNUDLOP01"
"NEVVIU>NEDTUM"
"MIYGUXMIWJOTMIJSEFQMADWEU!"
"LUYHAPX"
"LUMDIGoLUKGOP"
"LEQRUVh"
"LEDWIBILAVTUZ"
"LAGVAScKOSLOV"
"KOSLIPKOSKAG"
"KIQKEAbKIQKAWqKEYFIF01vKEYFIF"
"IWELOMFITUVOJ5IJACIF"
"IDUPECxIDIWOH01S"
"IDIWOHTIBICUT"
"IBICAZp"
"HUXDINsHUVJUD;HUFJAV"
"HOYKUDRHIHNUJ"
"GIFKAH"
"FUXCAErFUTZEB<FUTYEA=FUSNAJ"
"FUDQIF6"
"FOGGIT&FOFPEXFIPWUY"
"FEKGEI"
"FEJGEHwFECPIM"
"FAPTIB)"
"FAMCUT[EZIMIK"
"EZIMEG/EZIMAC"
"ELIKOA}"
"ELIKEQELIKAM["
"ECOLEP{EBEWOZ01"
"EBEWIT<"
"EBEMOOGE"
"DUMXUG~DUKQAC01"
"DUGFAOmDOSREJrDOKDENXDOGTOJ"
"DEYNIGDEYDOAPDARYEBDDAPGEG"
"D"
"CUQKIK"
"CUFYUZACOSMIICORZOAOCOJGAJ^"
"CITHOD=CEYQIG"
"BOLFUElBOKXOPE"
"BEYSEFKBEYLAUJ"
"BEWSAYJ"
"BEPPOD"
"BEPNIV#"
"BEPMAM\BEPLUFR"
"BARXICOBALHSCU#AGAWUA"
",f*"
"*		P	8Dt6r	v(	\	h\"
"z(\B""	h~n	jPh~r8"
"\t"
""
""
"fZ"
"B	 N\B>\"
""
"DtNJZ6	hB	"
"r*	th"
"F*"
"	P V	\N\t*"
"~4&P"
"6h8	Nf"
"6t	"
h
"Z6"
"Dt*hb2"
"PDR	h6N\6^	,P"
"vBDP"
"		OWITIYWAJGAQSINKUXPURQOJFECPIMDOQSAFBOKXOPFAZPEDBOKXOPATOTIMHOYQIXLOMFEYRIWBOPNUXYIPPIHREFYIXZAIOSIWOD01VOFXULSAMLAV03FAZPEDCOSMIIWUFFOTDUMXUGKOSKEKICALOPEZILUVZAWVEANANYUX03ELIKEQFEKGEILUKGOPELIKEQRUHFILATOTIMITUVOJGUCXAEPASFIAVAVKEKLUKGOPNILPEFPOKBOH01TEPGUSXUTGEAGIFKAHFAPTIBNILPEFWOWNED~XIJNUA}WOBFEA"
"DUKQAC01	NIMTEICOSMIIPARKUQ01ICALOPTAMJEYFECPIMREGJIW01XAPSISFUDQIF"
""
"F0	0t ,"
":H""ZH"
"Lz"
"4r	`""P"
"(t\"
"	j`"
""
"rX<`"
"dd	""2@"
""
"R\hJ"
".T\4	@l	F"
"	T.L4\	"
"8B"
"hj&"
"	BDNtv:^	<0"
"j	6"
"	llRF	V	Bb	$	"
"^:		vT("
".hNp~	H^<f"
"v$>h"
"XPx"
"	xN"
"6(LECOLEPKALGOVVOFYASPITYUN02PITYUN04DOGTOJPITYUN01WUFFOTPITYUN04SARBOEFUDGOCLICXECFAPTIBOQETEKCEYPUTDEYNIGOCIYUWTINCOJATOTIMFIPWUYDOQSAFIDUPECFAZPEDKOSKAGCORZOAHOYQIXMIJSEFFUTZEBDUMXUGXICLAYBEPNIVPITYUN04FUDGOCQUQPOIVUJLETLUMDIGPASFEWTEPGUSDUMXUGLUMDIGPOKBOHRIGWIPRERQEMPUQDIQOQETEKPITYUN04COSMII~ICALOP}QQQDMP01|PIHQUU01{SIXFIQ01zMIYGUXyDOKDENxLEDWIBwCAYDOX02vFAZPEDuHUXDINtEYOPUEsJUMCURrVOFXULqDUKQAC01pSUGVUMoPITYUN02nIBICIHmOQETEKlBEPNIVkVAVKEKjCOSMIIiBEPNIVhATOTIMgBUKMUQfGALBUSeSARBOEdICALOPcEZILUVbOHAGAHaHOYQIX`NEVVIU_DIZDAT^KIQKAW]ELIKEQ\MIYGUX[HUFHEXZMIWJOTYFIPWOSXFUSNAJWVUKFENVWUFFOTUATOTIMTALHSCUSLOMFEYRLOMFEYQNILPEFPFUDGOCOHUXDINNCOJGAJMIBICUTLKOSJUZKOCIYUWJICALOPIFUDGOCHWITKOBGPURQOJFWAJJAUEDARYEBDVOFXULCFUDGOCBRERQEMAWUFFOT@CUQKIK?ATOTIM>WOWNED=ICALOP<VOMSEW03;CUQKIK:LUKGOP9OQETEK8ITUVOJ7DOQSAF6DOQSAF5FURQOZ4ZUDQUM3DIZDAT2IDIWOH1VACFUB0LOMFEY/COSMII.WAJJAU-FAZPED,VOFXUL+YOZBUL*PITYUN)XEJVOZ(ALHSCU'LUMDIG&ZECKID%GAXKUN$DOGTOJ#WUFFOT""PITYUN!GAXKUN SAQYEO01PIHQUU01GECXUH01BEPMAMPURQOJWAGDEPLUMDIGDUMXUGRERQEMWUXBIACEYPUT01VOFXULLAVTINQATPUXRIWBOPKOSJUZNARMOKTEQTAMTITBIJVANWISFAZPEDFIFNUE
DUKQAC	XUNHAQVOFYASCUMLUTATOTIMHUXDINTUYQAHQATPUXWEYPUNLUKGOP"
"	nH	L"
""
"VOFYASIDIWOH01OQETEKIXODUVGAXKUN$IXOFUXLUMDIGOFUYULLGAXKUNGAXKUNJOXNANJOXNANJECFONGUCXAEPARKUQ01JUMCURrOPOBIFKABVOAGUCXAEKABVOAKABVOAPEHQEANILPEFOWITIYGECXUH01KAPHOZwKALGOVOHAGAHLOMFEYKEYFIFKEFBOOLUYHAPLUMDIGOHAGAHLOMFEYKOSJUZKKOSJUZKIQKEAKIQKAW]PASFEWKOSJUZOHAGAH	&LEDWIBwLAVTINLAVTAFLAGVASKOSLIPKOSKAGKOSKAGKOSKAGKOSJUZOQETEKNUMVIA"
""
"D8, ""~^rfZN@4(DR~rfvZNB6* vRxth\PD8, "
""
""
""
"j"
""
""
""
""
""
""
""
x
l
`
T
H
<
0
$
""
""""
""
"6*F^jxR"
"xFV"
">		:.""	"
""
""
""
""
"p@4pJ&"
"0N"
""
""
"$		dL"
"db"
"X^znbV(lJ"
""
"J>22&LF"
""
"	xR"
"X~rnfZ2z"
"^L@"
"J(f&		FlZn>N6$hd4RrdXL@4>(@"
""
"z	 	D	8	,.LUKGOPLUMDIGNANYUX01LOMFEYLUMDIGMUHKIJFURRAMLIDZOPFUSMOW4NILPEFFUSNENWFUSNENNEVLADFUTZEBWFUTZEBFUTYEANILPEFxGECXUHGAXKUNGAXKUN+FUXCAENOQLUCOQETEKLOJLAZ01NUDLOP"
"WAJJAUGECXUH03NILPEFNILPEFKOSKEKNANYUX01GUCXAEGIFKAHGECXUH03LOMFEYwGUPDEB*GUCXAEPAVRIOpLOMFEYlOPOBIFirHALFAB.NEVVIU01fLAVTAFePIHQUU01cNILPEFbHAWMATHATZOSPIHREF^LEQRUV]MOKQIO[LUMDIGZMUBREIUHIKMIYHIHNUJ7HAWMATHAWMATHATZOS02OPOBIFFHUFHEXHOYQIXHOYKUDrOHAGAH=HUFJAVnOHAGAH7HUXDINHUXDINBHUXDINHUVKAKLOMFIC/HUXDIN9HUXDIN HUXDINLOFVUZ(HUXDIN~NEDTUM%HUXDINOQETEK#IBICAZHUXDINOQETEKOCIYUWLOMFEYOQETEKPANDOXLUKGOPIBICAZ;OQETEKICALOPICALOPuICALOPICALOP ICALOPIBICUTIBICIHLOWITIYICALOPNUDLOP01"
"VOFYASKABVOAJUZXAD01JUMDAYIXOFUX01IXOFEHMOKQIOPIHQUU01KABVOAlNUDLOP01OQETEKPASFASKEFBIIKEFBIILEZZEXLUKGOPKOSJOTKOSJINKIQKAW5KINNAYKEYFIF01KEFBII\NILPEFKOSJOTLEDWIBPITYUN"
""
""
""
""
""
""
{
h
U
B
/
""
"									q	^	I	6	#	taN;(}fS@)~kXE2"
"n[H5""ubO<)~kXE2r_L9&"
""
""
""
""
""
""
""
""
""
""
""
""
""
p
d
X
L
"@ R:"
4
(
""
""
"					F							r	d	X^	J	>	2	&	"
"TINCOJVUNJEUVOMSEW01SIVGOVPOKBOH01VOFYASVAVKEKSIXFIQXIJNUAPITYUNVUNJEUXICNOO01VUJLETPYDCUO01ZOZZARZOZZARZOZZARZOZZARZIVDIT01ZAWVEAYOZBUL01OYOZBUL01YOTYAJ""YIXZAIYIXYUBYIRFAIYIKJUZYIDYAMYAKJURXUTGEAXIJNUABXIJNUAXIJNUAXIJNUA}XIJNUAXICNOOAXICLAYYXICDUI0XEJVOZwXAPSIS3XAPSISWUXBIARWUFFOT{WUFFOTWUFFOTWUFFOTWUFFOTyWUFFOTWOWNEDWOWNEDqWOWNED'WOWNEDWOWNED~WOWNEDWOBFEA"
"REGJIW01REGJIWQIXGUZPURQOJPURQOJPUQYAC!PUQXUVPUQDIQ$PUBDUN:PUBDUN3PUBDUNPOKBOH01POKBOH01POKBOHPOKBOHPOJNIMPODWIQyPODWIQPODWIQPODWIQPITYUN04IPITYUN02"
""
""
""
""
""
""
""
""
""
"	"
""
""
""
"x0"
l
`
T
"H"
<
"0"
"`


												z	n	b	V	J	>	2"
"								w	d	Q	<	'		"
""
""
"znbV	K?3'sg\PD8*"
""
""
"	"
""
""
""
""
""
""
""
""
s
g
[
O
C
7
+
""
""
"												w	k	_	S	G	;	/"
"ynbVJ>2&~rfZNB6*vj^RF:."""
"LUKGOPG"
"LUKGOPLOMFICLOMFIC~LOMFICLOMFICLOMFICLOMFIC"
"LOMFEYLOMFEYLOMFEYLOMFEYxLOMFEYOLOMFEYJLOMFEYLOMFEYLOMFEYLOMFEY!LOMFEYLOMFEY"
"LOMFEYv"
"LOMFEYX"
"LOMFEYA"
"LOMFEY="
"LOMFEYLOJLAZ01-LOJLAZ01LOJLAZLOJLAZ"
"KABVOANJUZXAD01JUZXAD01JUMDECJUMDECJUMDAYIXOFUX01IXOFUX01IXOFUX01IXOFUX01IXOFEHIXOFEHIXODUVi"
"IXODUViIWEXISIWEXISrIWETUZ>IWETUZ%IWELOMIWELOM"
"IJACIFZICALOPICALOPICALOPICALOPICALOP7ICALOPcICALOP<ICALOP9ICALOPICALOPICALOPICALOPICALOPzICALOPjICALOPICALOPICALOPICALOPICALOPRICALOPHICALOPICALOPICALOPICALOP2ICALOP$ICALOP"
"ICALOP_"
"ICALOPD"
"ICALOP&"
"ICALOP"
"ICALOP"
"IBICUT"
"IBICUT^IBICIH"
""
""
""
""
""
"c"
""
""
""
""
""
""
w
k
_
S
G
;
/
#
""
"				$									x	l	`	T	H	<	0	"
""
"MIJSEF@MADWEU4MADWEUYMADWEUMADWEUMADWEUMADWEUFLUYHAPLUYHAPLUYHAP6LUYHAP""LUMDIGOLUMDIGLUMDIGLUMDIGLUMDIGLUMDIGLUMDIGLUMDIGQLUMDIGLLUMDIG LUMDIGLUMDIGLUMDIGLUMDIGLUMDIGLUMDIGLUMDIG+LUMDIGLUMDIGLUMDIGLUMDIG:LUMDIG"
"LUMDIG*"
"LUMDIG"
"LUMDIGLUKGOPDLUKGOPLUKGOPLUKGOPLUKGOPLUKGOPvLUKGOP?LUKGOPLUKGOPPLUKGOPLUKGOPLUKGOPLUKGOPZLUKGOPSLUKGOP	LUKGOPWLUKGOPULUKGOPNLUKGOP>LUKGOPLUKGOPLUKGOPLUKGOPLUKGOPLUKGOP{LUKGOPkLUKGOP"
"LUKGOPhLOMFICLOMFIC~LOMFICLOMFICNLOMFICLOMFICpLOMFICLOMFICLOMFIClLOMFIC;LOMFIC#LOMFIC"
"LOMFICv"
"LOMFIC4LOMFEYLOMFEYLOMFEYLOMFEYLOMFEYLOMFEYuLOMFEYSLOMFEYLOMFEY"
"LOMFEYLOJLAZ01LOJLAZ01LICXEC(LICXECLICXECLEQRUV LEQRUVLEQRUVLEQRUVLEQRUVaLEQRUVLEQRUVLEQRUVLEQRUVLEQRUVCLEDWIBLEDWIBnLAVTUZLAVTUZsLAVTUZLAVTUZLAVTINLAVTAFLAVTAF"
"KAPHOZAKALGOVzKALGOVrKABVOAKABVOAKABVOAKABVOA<KABVOAKABVOAKABVOAKABVOAKABVOAKABVOA$"
"KABVOAJ"
"KABVOAJUZXAD01FJUZXAD01xJUMCUR,JUMCURJOXNANJOXNAN&JOXNANJOXNANBJOXNAN"
"IXOFUXiIXOFOR"
"IXOFOReIXODUVIXODUVITUVOJITUVOJITUVOJ"
"ITUVOJOIJACIFIJACIF1IDUPECIDUPEC8IDUPECIDUPEC(IDIWOH01IDIWOH01fIDIWOH"
"IDIWOHzICALOP"
"ICALOPICALOPICALOPkICALOPICALOPICALOPICALOPICALOPICALOP0ICALOPICALOPICALOPICALOPICALOPoICALOPQICALOPLICALOPICALOPICALOPICALOPICALOPICALOPICALOPICALOP~ICALOPaICALOPVICALOPICALOPICALOPICALOPICALOPgICALOPRICALOPPICALOP*ICALOP"
""
""
""
"g"
""
"	""Q"
""
""
""
""
""
x
"j"
^
R
F
;
/
#
""
"														v	j	^	R	F	:	.vj^RF:."""
"+O]7xl`TH<0%s+s}qeYMA5O[*xl`TH<0$"
"OQETEKu"
"OQETEK "
"OQETEKOPOBIFOPOBIFOPOBIFrOPOBIFOPOBIFOPOBIFTOPOBIF>OPOBIFEOHAGAHOHAGAHOHAGAHXOHAGAHdOHAGAHOHAGAHOCIYUWOCIYUWNUXYIPHNUXYIPNUXYIPNUXYIP"
"NUXYIPsNUMVIA;NUMVIANUMVIANUMVIANUMVIA"
"NUMVIA4"
"NUMVIANUDLOP01NUDLOP01"
"NIMTEIMNILPEFSNILPEFNNILPEFNILPEFNILPEFoNILPEFYNILPEF"
"NILPEFNILPEFNILPEFNILPEFNILPEFNILPEF{NILPEFDNANYUX01bOWITIYLUYHAPULUMDIGMLUMDIG1MIJSEF0OWITIYbNETXEQ&NEVVIU02MUBREINILPEFNILPEFNILPEFNILPEFwNILPEFpNILPEF:NILPEFNILPEFNILPEFNILPEF"
"NILPEF,NEVVIU02"
"NEDTUM0NARMOKNARMOKNARMOKNANYUX03""NANYUX03NANYUX01>NANYUX01"
"MUHKIJK"
"MUHKIJ'MUBREI^MUBREI+MOKQIOMOKQIOAMOKQIOMOKQIO"
"MIYGUX<MIJSEFMIJSEFMIJSEFMIJSEFMIJSEFMADWEUMADWEUMADWEULUYHAP}LUYHAPILUYHAP?LUMDIG?LUMDIGLUMDIGLUMDIGLUMDIG"
"PIHREF"
"PIHREFt"
"PIHREF	PIHQUU01VPIHQUU01PIHQUU01PIHQUU01[PIHQUU010PIHQUU01mPIHQUU01PIHQUU01RPIHQUU01xPIHQUU01PEPLECPEPLECPEHQEAl"
"PEHQEAaPEHQAW{PEHQAWPAVRIOPAVRIO(PASFIAPASFIA"
""
""
""
""
""
""
""
m
Z
G
4
""
"								r	]	J	7	""	s`K6#vcP=*yfS@-mZG4!n[H5""s`M:'xeR?("
""
"?CRe'(C10 H5 Cu1 N3 O4)nP4332@=p"
"PURQOJ_lo.png='HUXDIN@~\N<@BSP@ٮzH?򖑧\л(C8 H8 Ag2 B2 F8 N6 O1)nPn21a?ֶZIHUXDIN_lo.png_"
";'KABVOA@ł@"
"='RUHFIL@ <ϖ@T}^_1@?aC10.98 Ce1 Cu7 O28 S0.99P213?慇ݗRUHFIL_lo.png^"
"7'DEYDOA@\=x@zzN{@m?TK:(C10 H16 Cd1 N6 Ni1)nP2/m?z$LDDEYDOA_lo.png]"
"7'GIFKAH@"
")+IDIWOH01@s@m@zG?Vl!(C8 H4 O5 V1)nPnma@zGIDIWOH01_lo.png"
"=q?""ߓx((C10.5 H10.5 Mn1 N7.5 O1.5)nI41/a@_"
"=qDEZKAW_lo.png`"
";'WOBFEA@<o'=\@!*ީ@=p?Qc4(C16 H2 N2 O13 Zn2 2-)nCmca?{m]WOBFEA_lo.png"
"3'CAYDIR@tߏG0@}A5T@tgGz?T(C6 H10 Cu1 N8 O2)nP43?ݻYCAYDIR_lo.pngb"
"='WUDNUG@3P@:},"
"3'WUFFOT@G2P]@+e%@g\Z1@"
"+'LAVTAF@QzN@p+@jU@Uhr ?8{(C9 H5 O7 Tb1)nP4322?gt}LAVTAF_lo.png^"
"7'VICNUR@(@(	c@2"
"=q?ҲM(C12 H18 Co1 N6 O12)nC2/c@2"
"=qVICNUR_lo.png	"
"=p??>q(C18 H16 I3 N3 O7 Zn1)nP4/n?ZIf{VOMSEW03_lo.png]"
"5'TITBIJ@"
4
"5'DOKDEN@.B䎊@*"")	!?/v(C16 H15 Cu1 N1 O5)nR-3?-eDOKDEN_lo.pngo"
"S'JUMDAY@S:}P@B@f"
"=p?҈(C11.592 H11.184 O5.898 S0.898 V1)nP212121?\>JUMDAY_lo.pngI='OCIYUW@#?>p@y"
";+DUKQAC01@9؃4D@-Z@33333??(C22 H18 Ag1 N2 O6 1-)nP-1@33333DUKQAC01_lo.pnga~"
";'BOLFUE@Xd@;wF@P""`?(C19 H23 N1 O2 S2 Sn1)nP21/c@P""`BOLFUE_lo.png#;'NARMOK@""Tw[@ E\R-@33333?+l(C20 H12 N2 O4 S2 Zn1)nP21/c@33333NARMOK_lo.pngZ"
"1'KEYFIF@"
"C'JOWDOO@c/D)@o.@B"
"=p?7rG(C14 H14 Cl1 Cu1 N4 O6 1+)nPbca@B"
"=pJOWDOO_lo.png"
"='FAZPED@"
"=p?U(C12 H10 Cl1 Co2 N5 O5)nR-3@x"
"=pFAZPED_lo.pngdw"
"A'RENNII@9uy)@sպ@c?2vtc(C13 H12 Ag1 F3 N4 O3 S1)nP21/c?NxWRENNII_lo.png]v"
"5'CEYQIG@-`@6&@mn?XdE$(C10 H12 N4 O8 Zn1)nPccn@mnCEYQIG_lo.png"
"1'ELIKOA@v׈@ @r?m(C15 H13 Eu1 O10)nP-1?ܧŬGHELIKOA_lo.pngks"
"K'JUMDEC@@x{5+@"
"=q?>lL(C11.948 H11.896 O5 S0.987 V1)nP212121?֌i/nJUMDEC_lo.pngm"
""
"\	ZB"
";'BEPPAP@#ɦ(@#r"
"@1?QR(C9 H15 Cl1 N2 O4 Zn1)nP61?"
"?'ZAWVEA@y}@M@$=@c\(@(C14 H10 Ag1 N2 O10 Sm1)nP-1@c\(ZAWVEA_lo.png"
"/'PANDOX@{@iiu@JzG?x6C22 Ag4 N4 O12 P6P1@JzGPANDOX_lo.png_"
";'DUKQAC@'y@sպ@<"
"=q?nD(C22 H18 Ag1 N2 O6 1-)nP-1@<"
"=qDUKQAC_lo.png5'GAXKUN@)<"
"(@ԕ*@"
"=q?ie'_(C24 H16 Cd1 N2 O4)nPnna?\(GAXKUN_lo.pngd"
"A'NILPEF@/^@2v@qO;d??"
"5'DOKDEN@.B䎊@*"")	!?/v(C16 H15 Cu1 N1 O5)nR-3	!DOKDEN_lo.png]"
"9'WESYOJ@ZI<"
"@a=2@~zG?(M(C12 H16 Cu1 N10 O10)nCc@~zGWESYOJ_lo.pnga"
";'DOGTOJ@Qu@f{_@dVI^5?]cA(C9 H20 Br1 Mn2 N5 O5)nP21/c? HDOGTOJ_lo.png["
"1'DUMJAY@nѢ@q`l@R?mHQ(C15 H15 Cd1 N11)nPbcm@RDUMJAY_lo.png^	"
"5'PUQYAC@ [7@S&@\A7K?]!5(C17 H10 F6 O5 Zn1)nP6422?P3:}PUQYAC_lo.png"
"1'OFUYUL@Nt@y(@Q?\"
"+'KOSLOV@&('@#P@"
"=p?=K^(C8 H6 Ni2 O6)nR3m?$Jb$KOSLOV_lo.png"
"5'NETXEQ@@S@g+?>//t(C8 H13 Gd1 N6 O13)nC2/c? :эNETXEQ_lo.png	A"
"=p?	A!la(C18 H9 Mn2 O10 1-)nC2/c@"
"=pDOQSAF_lo.png"
"5'XEFKIC@}ke@i^@r}"
"=p?*0U2(C11 H14 Ag1 N5 O5)nP-1@r}"
"=pXEFKIC_lo.png\"
"5'DUBXAA@"
"=p@)@~n\(?"
"ڹY(C17 H14 Ag2 N2 O8)nP-1?ڐDUBXAA_lo.png	"
"@08@sGz?U5Q(C16 H15 Fe1 O5)nCc?'!WiSETQAL_lo.png]~"
"5'TUPDIT@X5@rCQ@zAE?"
"8(C18 H12 Cu1 N6 O4)nPnna?\"
"5'BEPLUF@#y@#}KZ@`A?C-(C10 H12 N2 O4 Zn1)nP61?˧2P]BEPLUF_lo.pnga{"
"?'MIJSEF@6;%@>J@c""`B@]9(C14 H10 Ag1 Eu1 N2 O10)nP-1@c""`BMIJSEF_lo.pngZz"
"/'QUQPOI@@\Hjܱ@Ǯz?ÈlU(C24 H14 N6 Zn1)nP2/m@ǮzQUQPOI_lo.pngb"
""
"5+XICNOO01@0$Jb#@rNQ@\(?,<(C12 H4 O16 S2 Zr3)nFm-3m?EXICNOO01_lo.png"
"/'QUQQUP@e+@f{_J@"
"1'KOSJOT@&We@#>WS@R?{_J(C8 H4.89 Co2 O6)nR3m?SMjKOSJOT_lo.png%;'TEQTAM@灃@EXOL@=p"
"?7-#N(C20 H14 Cd1 N4 O4 S2)nP21/c?پLTEQTAM_lo.png"
";'FUSMOW@%K@# N@H33333?~(C17 H18 Ag1 F3 N2 O4)nR-3@H33333FUSMOW_lo.pngar"
"A'SINKOR@4@W#d@{$/?,((C10 H23 N2 Ni1 O9.57 P1)nC2?"
";'BOKXOP@:d@X@S?MUh(C14 H10 N2 O4 S2 Zn1)nC2/c@SBOKXOP_lo.png"
"-'IXOFEH@b)n@a@"
"1'KOSJIN@&hb@#?T^(C8 H3.71 Co2 O6)nR3m?SMjKOSJIN_lo.png"
""
"r{"""
""
""
""
"6"
""
"Wvt"
""
"Y"
""
"*"
{
o
"c"
"f"
W
K
?
3
"'"
""
"	Z"
"	9	fv		B						s		qh	fB	Z	Z	N	B	6	*ZOZZAR"
"SIXFIQYOZBUL01ZAWVEAwWAJJEY01WAJJOI01qZIDPEHnWAJJOIhWAJJEY01dYIRFAIVUNJEUU"
"RERQEMTUPDIT01VOFXULLXEMPIOHVOFXULYOZBULXIJNUAXIJNUA@TEQTAM:WESZIE8VIMRAMWAJJAU4XIJNUA/XICNOO.XIJNUAVOMSEW03)XICDUI'TINCOJ$VUNJEUEWOWNEDTIVTAUYAKJURWAJHUMWOWNEDVUNJEUVOFYASWISTIDVOFXULZOZZARTEQTAMVOMSEW03YIXYUBWUFFOTVOMSEW01AYOZBUL?VIMRAM5ZOZZAR3VACFUB/XICNOO+YEYVII'WUFFOT""TUYQAH VUNJEUTINCOJVUNJEUVAVKEK	VANWISXEJVOZYIXZAIWOWNEDWUFFOTURIPIVWOWNEDVOFYASWOWNEDVUJLETVACFUBXEMPIOWUXBIAYOTYAJXUTGEA{ZUDQUMBXICLAYrXAPSISpYIKJUZmTUPDITLXIJNUAjXICNOO01iXEJVOZSVUNJEUQVOMSEW04LUTUQACJTUPDITXTEQTAMFTEPGUSDXEMPIO>VOFYAS=VUNJEU9*"
"SIXFIQVOMSEW04NXIJNUA*VAVKEK%WUFFOT_WOWNEDWOWNEDfVAHVORWOBFEAZIVDIT01bYOZBUL01YEYVIIgVOFXULWUFFOTXAPSISZOZZARXIJNUAWISTIDvURIPIVVUJLETYIDYAMWOWNEDVUNJEUWUFFOTXEMPIOXEJVOZ"
"ZAWVEA@YOZBUL016YOZBUL01"
"YIXZAIWYIXYUBYIRFAI]YIKJUZYIDYAM2YEYVII"
"XUTGEACXIJNUAXIJNUA~XIJNUA/XIJNUAXIJNUAXIJNUAyXIJNUANXICNOOXICNOO"
"XICNOOXICLAY"
"XICDUI9XEMPIO"
"XEMPIOBXEJVOZn"
"XEJVOZ#XAPSISXAPSIS"
"WUFFOTbWOWNEDiWOWNED]WOWNEDEWOWNED8WOWNEDWOWNEDWOWNEDqWISTIDWISTID"
"WAJJAUSWAJHUMWAJGAQrVUNJEUJVUNJEUoVUNJEUgVUNJEUCVUNJEUVUNJEUVUNJEUVUNJEUVUNJEUkVUNJEUaVUNJEUIVUJLETVUJLET<VOMSEW04VOMSEW04VOMSEW03@VOMSEW03_VOMSEW01.VOFYAS/VOFYASVOFYAS"
"VOFYAS/VOFXUL"
"VOFXULn"
"VOFXUL]"
"VIMRAM7VAVKEK"
"VAVKEK3VANWIS	VAHVOR"
"TIVTAUTINCOJTEQTAMTEQTAM&TEQTAM	"
"SIXFIQ\"
"[	tk."
"='IBICUT@$]f'"
"+'DEGJEG@98q@*o?R@r/w?-""(C6 H4 Cu1 N5)nP21/c?`VDEGJEG_lo.pngZ>"
"1'ELIKAM@,cA \@m@sw?1eәp(C15 H13 O10 Pr1)nP-1?ȊGELIKAM_lo.pngW"
"E'DUGFAO@,Yt[@(	c@o?F(C16 H10.5 N2 O4.25 S1 Zn1)nP21/c?FsDUGFAO_lo.png"
";'FUSMIQ@$y(@"""
"(w@\)?'(C17 H18 Ag1 F3 N2 O4)nR-3?B0FUSMIQ_lo.png>"
"5'VAVKEK@d@4k&j@q]E?2(C16 H20 N4 O7 Zn1)nP21/c?#VAVKEK_lo.pngZ7"
"3'SIVGOV@Цv @E84֡@*\)?B(C9 H15 N9 O1 Zn1)nCc?]$DSIVGOV_lo.png"
"A'NIMTEI@HU'(c@e@zG?	(C15 H17 Ag1 F3 N5 O3 S1)nP21/c?$DNIMTEI_lo.png-"
"5'RERQEM@"")@ֱm@m?h]k;(C18 H18 Ag1 N5 O3)nP21/c?+IRERQEM_lo.png^2"
"3'WAJJOI@th@"
"OB@"
"=p?s(C9 H3 Li1 O6 Zn1)nP41212?uWAJJOI_lo.png5'EWIHIC@g @{ 1@k&`A?LI'(C14 H22 Cd1 N8 O4)nP21/n@k&`AEWIHIC_lo.png&;+VOMSEW04@#@_@}tj?!o(C18 H16 I3 N3 O7 Zn1)nP4/n?EVOMSEW04_lo.png[/"
"1'ZOZZAR@LB@"
"Sy@tj~?nmuC10 H6 Cu8 N16 O10C2/c?@NZOZZAR_lo.png^."
"3'WAJJAU@GG#@k}:@j\(?o5(C9 H3 Li1 O6 Zn1)nP43212@j\(WAJJAU_lo.png^-"
"1+CAYDOX02@<tT@V3@vpZ1?U\R(C6 H8 Cu1 N8 O1)nP41@vpZ1CAYDOX02_lo.png\,"
"1'REGXOS@3r@+ʬ@"
"3'WUXBIA@2@4]@3333?(C9 H14 Ag1 N3 O5)nP-1@3333WUXBIA_lo.png"
"'G'HUFHEX@!nmu@E84@\(?s8q`l(C11 H14 Ag1 F6 N4 O1 P1 S1)nR-3?ɚ$(HUFHEX_lo.png_)"
"5+CEYPUT01@6!.I@f@bM?x(C15 H15 Co1 N3 O5)nPn?4JCEYPUT01_lo.pngZ("
"1'KOSJUZ@&9""`@#6@Q?P(C8 H4.43 Co2 O6)nR3m?VtKOSJUZ_lo.png_'"
";'FUSNEN@%cV@#@"
"-'HIHNUJ@ E1@灃@=p"
"?	\(C16 H6 In1 O8)nP43212@=p"
"HIHNUJ_lo.png7"
"5'BEPNIV@ Iڐ@ +a@n?Pr[(C11 H17 N2 O6 Zn1)nP61?ᣘ BEPNIV_lo.png]"""
"5'FOGGIT@:S@nwp@pV"
"=q?i,e(C10 H12 Co1 N4 O8)nPccn?İFOGGIT_lo.pngW"
"+'LAVTUZ@{ @7}W@lC?(C9 H5 O7 Yb1)nP4122@lCLAVTUZ_lo.png^"
"5'HIKMIY@;%o@e+@u~E?֌i/n(C16 H20 N4 O8 Zn1)nP21/c?kz]zHIKMIY_lo.png9"
"5'AGAWUA@cOJ@zNz@~""?yg(C13 H17 N1 O7 Zn1)nP21/n?AGAWUA_lo.pnga"
"?'CUQKIK@/ej@L~@"
"/'EZIMIK@#{@v_ح@=p"
"?̷C20 H5 N4 O12 Zn5R-3m?o.EZIMIK_lo.png["
"1'LUYHAP@%zd@;'j@@8Q?724~(C20 H10 Cu2 O10)nR-3m?/YsLUYHAP_lo.png"
"?sБ}(C14 H18 N2 O7 Zn1)nP21/n?[($NANYUX03_lo.png"
"TC$?[7"
"3'PASFAS@$^N@B9@_#nP@Wh(C12 H6 Cu4 N4 O9)nC2/c?cA [PASFAS_lo.png"
"cO@CA0@i6+J?q.S(C14 H10 Cd1 O7 S1)nC2/c?޽MUBREI_lo.pngXC"
"/'SETQIT@HӮh^@8"
"@h+?"
"qiC(C16 H15 Fe1 O5)nCc?ŗSETQIT_lo.pnggB"
"G'FUXCAE@`@f3@vvbM?;쪸(C20 H11 Ag1 B1 F4 N3 O2 S3)nP21/n?SP	-FUXCAE_lo.png\A"
"3'QUCFIF@DR?h@`G@xzG?!͉(C14 H9 Al1 O7 S1)nPnma@xzGQUCFIF_lo.png]@"
"5'NEVVIU@w`,@B8<!@Vu?O"
"L/(C9 H16 Cu1 N4 O5)nP21?Y!ALHSCU_lo.png[>"
"3'HISFUM@#1ڥ@.r0@mlC?I^(C14 H8 Na2 O6 S1)nP-1?KZyHISFUM_lo.pnge"
"?'LOJLAZ@*Կ"
"@,{Z@ȴ9X?Б}kf(C16 H10 Au2 Fe1 N10 O1)nCmma?*o?R&LOJLAZ_lo.pngb:"
"3+WAJJOI01@3t@@""zH?s(C9 H3 Li1 O6 Zn1)nP41212?eU.sWAJJOI01_lo.png_9"
"1+KUNTAQ02@HQ@L@Q?Լ(C8 H4 Al1 F1 O4)nImma?㝲-VKUNTAQ02_lo.png\<"
"5'TINCOJ@Y"
">@a@s(\?j򐫴(C8 H17 Ca1 N1 O10)nR-3?A(oTINCOJ_lo.png"
"9'WIVKET@N9C@ם"
"gb@?os(C11 H22 N2 O8 P2 U1)nP-1@WIVKET_lo.png\5"
"1'NUJWEW@iJ@ԯOM@8(\?74r(C9 H9 Co1 N7 O3)nP21/c@8(\NUJWEW_lo.png"
"5'CEYPUT@oD)@?>p@lD?N,fX(C15 H15 Co1 N3 O5)nPn@lDCEYPUT_lo.pngb2"
"5+COJGAJ03@VH@4֡b@k"
"='HUXDIN@~\N<@BSP@ٮzH?򖑧\л(C8 H8 Ag2 B2 F8 N6 O1)nPn21a@ٮzHHUXDIN_lo.png"
"G7'UTUQAC@Hc^t*@//t"
"=BUTUQAC_lo.png	4"
"3+SAMLAV02@RJ@S:}P@8\(?-8Go*Z(C12 H7 Cd1 N3 O6)nP21/c@8\(SAMLAV02_lo.png"
""
"5'EQEREY@QX'@@]Q?Y_a((C15 H14 Co1 N6 O2)nI41/a?_EQEREY_lo.png^+"
"5'LUKGOP@~t)<@,s-@""""`B?"
"3'HOYKUD@i}@=[!@V\(?EwU(C13 H8 Cu1 N2 O4)nP21/c?#wkHOYKUD_lo.pngp"
"-'FUDGOC@G@>lLY@!ffff?=J"
"(C16 H6 In1 O9)nPnma@!ffffFUDGOC_lo.png-'IXODUV@*1@ Z@zG?0_@(C14 H12 O5 V1)nP212121@zGIXODUV_lo.pngb&"
"5+SIXFIQ01@#եc@o@Q?c1(C24 H14 Cu1 N2 O4)nP21/c?q!SIXFIQ01_lo.png"
"='TUYQAH@,nm@b@xR(\@tT(C14 H14 Br4 Hg2 N2 O4)nP-1@xR(\TUYQAH_lo.png"
"9'VIXBEK@.H@TɅoi@iA\(@d>(C10 H8 Cu2 I2 N2 S3)nC2/c@iA\(VIXBEK_lo.png^!"
"5'ZECKID@#MnY!@.@fGz?(C12 H14 Cu2 N4 O5)nI41md@fGzZECKID_lo.png] "
"3'LEZZEX@.9.@m@nbM?c^J82(C14 H8 O6 S1 Sr1)nP21/n?ؔpdLEZZEX_lo.png]"
"5'FAMCUT@@D"">@"
"7'DANQEO@4uK@VC@?l7`](C14 H20 Bi1 N1 S10)nPna21@DANQEO_lo.pngb"
"5+GECXUH01@Q%S@74m@tj?¹M(C11 H13 N1 O6 Zn1)nP21/n@tjGECXUH01_lo.png"
""
"vjt^RF:."""
"vxT"",}qFeZNB6*	 	jx`T"
""
""
""
"lb"
""
""
""
"8"
"h"
""
~
r
"fz"
"Z"
"N2"
"BD"
5
"'"
"	:."
""
"		p	<	n		>d				X	"
"	t	h	\	P	D	8.X	,ZOZZARV~"
""
"WOWNEDWOWNEDWUXBIAWOWNEDVOFYAS"
"YOTYAJ=YIXZAIYEMJAC:YEMJAC"
"YAKJURXUTGEA`"
"XUNHAQMXILCAX3XIJNUA-XIJNUAlXICNOO01_XICNOO01"
"XEFKICbXAPSISbXAPSISXAPSIS/XAPSIS%WUXBIAWUXBIA^WUXBIA2WUXBIAWUFFOT(WUFFOTWUFFOTWUFFOTWUFFOTWUFFOTWUFFOTWUFFOTWUFFOTWUFFOTFWUFFOTDWUFFOTWUFFOT"
"WUFFOT{"
"WUFFOT1"
"WUFFOTWUDNUGAWOWNEDWOWNEDgWOWNEDTWOWNED5WOWNEDWOWNEDWOWNEDIWOWNED8WOWNED"
"WOWNED$WOBHOMWIVKETuWITKOB6WEYPUNdWEYPUN"
"WESYOJZWAJJAUyWAJJAU=WAJJAU"
"WAJJAU%WAJHUM!"
"WAJHUMSWAGDEPWAGDEPWAGDEPAVUNJEUVUNJEUVUNJEUVUNJEUVUNJEU)VUNJEUVUNJEUVUKFENVUKFENVUJLETVUJLETmVOMSEW04@VOMSEW03VOMSEW03.VOMSEW01_VOMSEW01VOFYASVOFYASoVOFYASJVOFYAS6"
"VOFYASg"
"VOFYAS"
"VOFXUL0"
"VOFXUL"
"VANWISVANWIS9"
"URIPIV9"
"TINCOJn"
"TEQTAMf	TEQTAM"
"nYF1~gTA.p]J7$"
""
""
""
""
""
""
""
s
`
M
:
"'"
"								x	e	R	?	,		{hUB/	o\I6#vaN7$u`M6#r_H3q^K8#taN;("
""
s
"JxP		ON"
"=q?A}(C20 H16 Cu2 N6)nPca21?^NQIXGUZ_lo.png"
"7o"
"+'EBEWOZ@(o@d5inX@`A7L?)^(C9 H3 Gd1 O6)nP4122?nEBEWOZ_lo.png"
"K'JUMDEC@@x{5+@"
"=q?>lL(C11.948 H11.896 O5 S0.987 V1)nP212121?֌i/nJUMDEC_lo.pngYr"
"+'LAVTEJ@S/ek@lLYt\@p"
"=?.}(C9 H5 Dy1 O7)nP4322?b8<!LAVTEJ_lo.pngdq"
"C'FOFPEX@`,'7@6z@G?J[(C14 H11 Fe1 K1 N2 O13 1-)nCcca@GFOFPEX_lo.png`p"
";'HUVJUD@*&@N&Ԁ@;j~#?r/Y(C17 H15 Ag1 F6 N5 P1)nPbca?5TuLHUVJUD_lo.png^k"
"5'DAPGEG@s@Qʖ@L"
"=q?5[x̚(C8 H10 Mn2 N12 O5)nP21/n?YDAPGEG_lo.pngag"
"9'NEFZOO@$@*""'@Q?e%(C12 H6 Cu1 F6 N6 P1)nP43212@QNEFZOO_lo.pngdf"
"A'JOXNAN@z"
"@#cV@\(?2I(C14 H6 Cu2 I2 In1 N2 O8)nI-42d@\(JOXNAN_lo.pnghc"
"C+LOJLAZ01@=p"
"@YnD@bM?x?(C16 H10 Au2 Fe1 N10 O0.5)nCmma@bMLOJLAZ01_lo.pngda"
"A'IDUPEC@`s@{[@?lԪ""(C19 H13 Cu1 F3 N3 O5 S1)nP21/c@IDUPEC_lo.png\G"
"5'HALFAB@@a@"
""
PYDCUO01_lo.png^v
"1+KEYFIF01@N~@[q@gȴ9X?Gj(C9 H7 Cu1 N1 O3)nR-3?نDR?gKEYFIF01_lo.png<5'IWELOM@$=@}bY	"
"+'LAVTAF@QzN@p+@jU@Uhr ?8{(C9 H5 O7 Tb1)nP4322?gt}LAVTAF_lo.png^"
"7'VICNUR@(@(	c@2"
"=q?ҲM(C12 H18 Co1 N6 O12)nC2/c@2"
"=qVICNUR_lo.png]"
"5'TITBIJ@"
"S'JUMDAY@S:}P@B@f"
"=p?҈(C11.592 H11.184 O5.898 S0.898 V1)nP212121?\>JUMDAY_lo.pngdz"
"C'JOWDOO@c/D)@o.@B"
"=p?7rG(C14 H14 Cl1 Cu1 N4 O6 1+)nPbca@B"
"=pJOWDOO_lo.pngdw"
"A'RENNII@9uy)@sպ@c?2vtc(C13 H12 Ag1 F3 N4 O3 S1)nP21/c?NxWRENNII_lo.png]v"
"5'CEYQIG@-`@6&@mn?XdE$(C10 H12 N4 O8 Zn1)nPccn@mnCEYQIG_lo.pngZt"
"1'ELIKOA@v׈@ @r?m(C15 H13 Eu1 O10)nP-1?ܧŬGHELIKOA_lo.pngd]"
"A'WESZIE@S@^5?"
";'FEKGEI@A [@4	@bbM@Auy((C10 H23 I5 N4 O2 Pb2)nP-1?^5?"
"/(C15 H21 N3 O6 Zn1)nP212121@-VBUKMUQ_lo.pngcS"
";+DUKQAC02@1F^""S@$@\(?	.}(C22 H18 Ag1 N2 O6 1-)nP-1?PDUKQAC02_lo.png]Q"
"5'SADMOB@+׈@bD@(\?ZpU(C13 H10 Fe1 N1 O5)nC2/c@(\SADMOB_lo.png^P"
"5'QOLWIZ@]9@߂+ʬ@Q?R~R(C22 H18 N4 O6 Zn1)nPna21@QQOLWIZ_lo.pngZN"
"1'CAYDOX@~"
"5'VIMRAM@""ᰊ@CV@"
";+FURQOZ01@%U\R.@#l5"
"(@ԕ*@"
"=q?ie'_(C24 H16 Cd1 N2 O4)nPnna@"
=qGAXKUN_lo.png
"QD44comm_contrib/DAFWEN_lo_8xgRdhw.png,"
"AE55comm_contrib/EBEMOO_lo.png,"
"AC33comm_contrib/CADZOY_lo.png4"
"QB22comm_contrib/BADFUI_lo_hdxBYpQ.png0"
"				QA11comm_contrib/ABOBUQ_lo_ThVbIOW.png}"
"W;4rO.k{O1l"
"3'HISFUM@#1ڥ@.r0@mlC?I^(C14 H8 Na2 O6 S1)nP-1?KZyHISFUM_lo.png[3"
"5'CEYPUT@oD)@?>p@lD?N,fX(C15 H15 Co1 N3 O5)nPn@lDCEYPUT_lo.pngb2"
"5+COJGAJ03@VH@4֡b@k"
"='HUXDIN@~\N<@BSP@ٮzH?򖑧\л(C8 H8 Ag2 B2 F8 N6 O1)nPn21a@ٮzHHUXDIN_lo.png]*"
"3'HOYKUD@i}@=[!@V\(?EwU(C13 H8 Cu1 N2 O4)nP21/c?#wkHOYKUD_lo.pngY("
"-'FUDGOC@G@>lLY@!ffff?=J"
"(C16 H6 In1 O9)nPnma@!ffffFUDGOC_lo.png_"""
"9'VIXBEK@.H@TɅoi@iA\(@d>(C10 H8 Cu2 I2 N2 S3)nC2/c@iA\(VIXBEK_lo.png^!"
"5'ZECKID@#MnY!@.@fGz?(C12 H14 Cu2 N4 O5)nI41md@fGzZECKID_lo.png] "
"3'LEZZEX@.9.@m@nbM?c^J82(C14 H8 O6 S1 Sr1)nP21/n?ؔpdLEZZEX_lo.png]"
"5'FAMCUT@@D"">@"
"7'DANQEO@4uK@VC@?l7`](C14 H20 Bi1 N1 S10)nPna21@DANQEO_lo.pngb"
"5+GECXUH01@Q%S@74m@tj?¹M(C11 H13 N1 O6 Zn1)nP21/n@tjGECXUH01_lo.png]"
"7'GIFKAH@"
")+IDIWOH01@s@m@zG?Vl!(C8 H4 O5 V1)nPnma@zGIDIWOH01_lo.png`"
";'WOBFEA@<o'=\@!*ީ@=p?Qc4(C16 H2 N2 O13 Zn2 2-)nCmca?{m]WOBFEA_lo.png["
"3'CAYDIR@tߏG0@}A5T@tgGz?T(C6 H10 Cu1 N8 O2)nP43?ݻYCAYDIR_lo.pngb"
"='WUDNUG@3P@:},"
"=?.}(C9 H5 Dy1 O7)nP4322?b8<!LAVTEJ_lo.pngdq"
"C'FOFPEX@`,'7@6z@G?J[(C14 H11 Fe1 K1 N2 O13 1-)nCcca@GFOFPEX_lo.png`p"
";'HUVJUD@*&@N&Ԁ@;j~#?r/Y(C17 H15 Ag1 F6 N5 P1)nPbca?5TuLHUVJUD_lo.png"
"A'JOXNAN@z"
"@#cV@\(?2I(C14 H6 Cu2 I2 In1 N2 O8)nI-42d@\(JOXNAN_lo.pnghc"
"C+LOJLAZ01@=p"
"@YnD@bM?x?(C16 H10 Au2 Fe1 N10 O0.5)nCmma@bMLOJLAZ01_lo.pngda"
"A'IDUPEC@`s@{[@?lԪ""(C19 H13 Cu1 F3 N3 O5 S1)nP21/c@IDUPEC_lo.png"
"3'DUMXUG@7~@VH@j	l?VCg(C12 H8 Dy1 N3 O9)nP21/c@j	lDUMXUG_lo.png"
"3'PASFAS@$^N@B9@_#nP@Wh(C12 H6 Cu4 N4 O9)nC2/c?cA [PASFAS_lo.pngXC"
"/'SETQIT@HӮh^@8"
"@h+?"
"qiC(C16 H15 Fe1 O5)nCc?ŗSETQIT_lo.pnggB"
"G'FUXCAE@`@f3@vvbM?;쪸(C20 H11 Ag1 B1 F4 N3 O2 S3)nP21/n?SP	-FUXCAE_lo.png\A"
"3'QUCFIF@DR?h@`G@xzG?!͉(C14 H9 Al1 O7 S1)nPnma@xzGQUCFIF_lo.png]@"
"5'NEVVIU@w`,@B8<!@Vu?O"
"5'TINCOJ@Y"
">@a@s(\?j򐫴(C8 H17 Ca1 N1 O10)nR-3?A(oTINCOJ_lo.pngb;"
"?'LOJLAZ@*Կ"
"@,{Z@ȴ9X?Б}kf(C16 H10 Au2 Fe1 N10 O1)nCmma?*o?R&LOJLAZ_lo.pngb:"
"3+WAJJOI01@3t@@""zH?s(C9 H3 Li1 O6 Zn1)nP41212?eU.sWAJJOI01_lo.png_9"
"1+KUNTAQ02@HQ@L@Q?Լ(C8 H4 Al1 F1 O4)nImma?㝲-VKUNTAQ02_lo.png^6"
"9'WIVKET@N9C@ם"
"gb@?os(C11 H22 N2 O8 P2 U1)nP-1@WIVKET_lo.png\5"
"1'NUJWEW@iJ@ԯOM@8(\?74r(C9 H9 Co1 N7 O3)nP21/c@8(\NUJWEW_lo.pnga"
"='RUHFIL@ <ϖ@T}^_1@?aC10.98 Ce1 Cu7 O28 S0.99P213?慇ݗRUHFIL_lo.png^"
"7'DEYDOA@\=x@zzN{@m?TK:(C10 H16 Cd1 N6 Ni1)nP2/m?z$LDDEYDOA_lo.png8"
"		?u _jF"
"='POJNIM@dUGZ2@<K	@fffff?	(C10 H10 Co1 K1 O12 1-)nC2/c?㎟jPOJNIM_lo.png"
"?sUC14 Cd14 S22P6222@P=p"
"XIJNUA_lo.png]"
"5'GAXKUN@)<"
"(@ԕ*@"
"=q?ie'_(C24 H16 Cd1 N2 O4)nPnna@"
"=qGAXKUN_lo.pngR"
"5'ADUROI@9>B@+PH?ڤ""(C21 H15 N3 O7 Zn1)nFd-3cADUROI_lo.png^"
"5'XAPSIS@u@_@G{?P}ke(C16 H18 Co1 N2 O7)nP21/n?E"
"XAPSIS_lo.pnga"
"5+NEVVIU01@;f3]%@z@d@"
"=p?l#(C14 H8 Co3 N2 O10)nC2/c?IQNEVVIU01_lo.png\"
"5'OPOBIF@76g@VM@eC%??>p(C13 H12 N6 O5 Zn2)nR-3@eC%OPOBIF_lo.png`"
""
";'CORZOA@&#k@ݿH˒@Q?~M(C12 H6 Cl1 In1 N2 O4)nPa-3?%ם"
"gCORZOA_lo.png"
"/'SETQEP@NzVC@b\(@+?o*ZF(C16 H15 Fe1 O5)nCc@+SETQEP_lo.pngd"
"A'DISRUU@;:i@~L@^5?}?iJA(C16 H15 Ag1 F3 N3 O6 S1)nI41/a@^5?}DISRUU_lo.png_"
"3'KINNEC@{<ϖ@"
"@Ǯz?@Jr'(C12 Cu1 F4 N4 1-)nP42/mmc?z@c^KINNEC_lo.pngI"
"5'BEYSEF@xިc@9Y@w\(?kz](C11 H16 Co1 N6 O3)nI41/a?i,eBEYSEF_lo.pngc"
";+DUKQAC01@9؃4D@-Z@33333??(C22 H18 Ag1 N2 O6 1-)nP-1?mqbDUKQAC01_lo.png_"
"7'XEMPEK@cI{t@"
"A'DOSREJ@~ Fd@)4@^`A?,(C22 H19 Ag1 F3 N2 O2 P1)nP21/c@^`ADOSREJ_lo.png_~"
"7'YOTYAJ@G@{@"
"=p?4.۶(C16 H12 Ga2 N2 O16)nP21/c?`V."
"YOTYAJ_lo.pngb}"
"5+DAPGEG01@\¹N@y3]$E@\(?ZY(C8 H10 Mn2 N12 O5)nP21/n?8JDAPGEG01_lo.png"
""
"5'LOFVUZ@?TǏ@:1'@/hr!?/v(C14 H16 Cd1 N2 O8)nP21212? ZLOFVUZ_lo.png^z"
"9'FURSAN@'e@%n@CzG?"
"?(C15 H8 Ag1 F7 N2 O3)nR-3?WwFURSAN_lo.png"
"5'XICNOO@11;.@ܾa@΅Q?F{S(C12 H4 O16 S2 Zr3)nFm-3m?7ɚ%XICNOO_lo.png^w"
"9'WAGDEP@]yЦ@E@Vu?qp(C18 H14 N2 O8 P2 U1)nP-1@VuWAGDEP_lo.pngNv"
"1'KOSKAG@&k@#a"
"5'XUNHAQ@ˇ@z;'@lC?-*EM(C17 H17 Li2 N3 O5)nP21@lCXUNHAQ_lo.pngbt"
"A'POKBOH@Y}@j[B@\(?(M(C13 H15 Ag1 F6 N3 O2 P1)nP43@\(POKBOH_lo.png_s"
";'FURRAM@$Vu@""Л*@\(?[W~(C17 H16 Ag1 F3 N2 O5)nR-3?#π3FURRAM_lo.pngWr"
"+'KOSKEK@&m Z@#Ĭ1@zG?лnw(C8 H6 Co2 O6)nR3m?nKOSKEK_lo.png"
"1'KEYFIF@"
"5+NEVVIU02@k!Z@Ǹզ@H""?Rv(C14 H8 Co3 N2 O10)nC2/c?uNEVVIU02_lo.png\n"
"5'ECAHIB@h*)@ˌeA@~k\(?y	k~(C18 H16 Cu1 N2 O4)nR-3@~k\(ECAHIB_lo.png]m"
"++EBEWOZ01@xW)@cᆘ5@`A7?"
"D_(C9 H3 Gd1 O6)nP4322?{EBEWOZ01_lo.png"
"-'QATPUX@tT@#ڤ@dn@z@c^(C8 H2 Co3 O10)nC2/m@dnQATPUX_lo.png"
""
"D		~	H&c5qP"
"A'NEDTUM@}H@W>6z@Q?t4"
"C'DIZDAT@T6@u:>/@};dZ? [6(C14.5 H16 N6 O4.5 Pb1 S1)nC2/c@};dZDIZDAT_lo.png]8"
"5'NUDLOP@*@aJM++@S1&x?K۠'(C14 H8 Mg3 N2 O10)nC2/c?6&,NUDLOP_lo.png"
"5+PARKUQ01@,@u:?@\(?Ć-(C15 H20 Cd1 N2 O7)nP21/n@\(PARKUQ01_lo.png"
"=?ؐOC2 Ag3 N4 O5 P2P-1@p"
"=HAWMAT_lo.png_4"
";'KABVOA@ł@"
"3'TEPGUS@Zjj@~mH@"
"='RUHFUX@ c@ҝ%@#"
"=q?j`VC10.98 Cu3 Nd3 O26 S0.99P213@#"
"=qRUHFUX_lo.pnga1"
"='PAVRIO@p(߹9@tj@zhr!?TuL(C15 H18 Cl2 N4 O3 Zn1)nPnna?"
"E'DEZKAW@ BwkQ@R<6@_"
"=q?""ߓx((C10.5 H10.5 Mn1 N7.5 O1.5)nI41/a?1eәpDEZKAW_lo.png"
"5'EQEREY@QX'@@]Q?Y_a((C15 H14 Co1 N6 O2)nI41/a@]QEQEREY_lo.png_-"
";'CITHOD@ϥq!@<@"
"/+PITYUN04@H`V@R\=x@+?jv5C(C12 Ag3 F18 N9)nI-42d@+PITYUN04_lo.png_"
"3'PASFEW@&kv@"
"-'VUJLET@@$ q@[0H@<\(?D(M(C16 H6 In1 O8)nPnma?X%[VUJLET_lo.pngX("
"/'PANDOX@{@iiu@JzG?x6C22 Ag4 N4 O12 P6P1?=Ć-PANDOX_lo.png]'"
"5'WEYPUN@@tFs@2?Q(C16 H16 Mn1 N2 O6)nPbca@2WEYPUN_lo.png"
"='IBICIH@#	B@#b@zG?a(C11 H19 Cl1 N2 O4 Zn1)nP65?'(bIBICIH_lo.png^$"
"5'EYOPUE@_o@ɚ$(@so?&Eb(C22 H18 Cd1 N4 O4)nP4212?V.	EYOPUE_lo.png\#"
"-'IXOFOR@W@r{5@ָQ?ZqxB(C14 H16 O5 V1)nP212121@ָQIXOFOR_lo.pngd"""
"A'ZIDPEH@$LD"
";'BUYYIE@N@NΚ,@fffff?(C14 H23 N4 O9 Zn1 1+)nP6422?P3:BUYYIE_lo.pngY "
"-'REGJIW@J#9@/^ G@`hr@{.]](C8 H6 Co3 O12)nC2/m?#yREGJIW_lo.png_"
"3'KINNAY@go*ZF@2""@NR?weں(C12 Cu1 F4 N4 1-)nP42/mmc?m\KINNAY_lo.png^"
"5'IWETUZ@)I@-v@t@bM?.ƼS(C16 H13 Ag1 N4 O2)nP21/c?ߍIWETUZ_lo.pngO"
"6P@lF?yUD(C16 H10 Cd1 N6 O4)nC2/c?#EBEMOO_lo.png`"
"-+IXOFUX01@{ʖ]@vݬ@\(?(C14 H14 O5 V1)nP212121?C,zxlIXOFUX01_lo.pnga"
"9'PEHQEA@p@ۋq@sXn?\¹M(C12 H16 Eu1 Na1 O12)nP4/ncc@sXnPEHQEA_lo.png^"
"1'CAYBAH@M Z@Cha@zS?},{(C12 H12 Cu3 N18)nI41/amd?CAYBAH_lo.png"
"='KAPHOZ@]N@@o33333?PRJ(C10 H12 K1 O13 Zn1 1-)nC2/c@o33333KAPHOZ_lo.png`"
"3+SAMLAV03@y؃4D@aq@zH?-b8<!(C12 H7 Cd1 N3 O6)nPbam?!BoSAMLAV03_lo.png^"
"7'XUTGEA@㕁$@ml5"
";'WITKOB@"
":э%@@C(\?84֡(C24 H15 Ag1 N3 O6 1+)nC2/c@C(\WITKOB_lo.png_"
"5'SARBOE@51@>=ć@CO;?>7ޓ(C12 H10 N4 O4 Zn1)nP21212?I'>ESARBOE_lo.png^"
"5'DOTHUR@G@"
"	rG:{Y9b"
"5'BEPMAM@#L1&@##/D)@p"
"=?'=[(C10 H14 N2 O5 Zn1)nP61@p"
"=BEPMAM_lo.pngYl"
"+'ECOLEP@$O@#r\=x@n"
"=p?.C5 H1 Co1 N6 O3P4132@n"
"=pECOLEP_lo.pngrk"
"Y'JUMCUR@;D@{nwpz@=p"
"?8\h(C11.684 H12.289 N0.921 O5 S0.921 V1)nP212121@=p"
"JUMCUR_lo.png_j"
"='SINKUX@	}@o~=@~Gz?`-(C10 H25 Co1 N2 O11 P1)nC2?ߜbSINKUX_lo.png]i"
"5'ACODED@Vn~@M/^ @~x?If{_(C21 H13 Cu1 O7 P1)nPbcn@~xACODED_lo.png^h"
"5'PUQXUV@0@Z,Q@^ZG{?{ 1ί%(C17 H10 F6 O5 Zn1)nP6222?`loTPUQXUV_lo.png\g"
"1'AJIJIN@lT6@r/Z@٨\?rR(C9 H9 N7 Ni1 O3)nP21/c@٨\AJIJIN_lo.pngaf"
";'NARMOK@""Tw[@ E\R-@33333?+l(C20 H12 N2 O4 S2 Zn1)nP21/c?vNARMOK_lo.png\e"
"5'LOMFEY@!k΅@"
"(wN@r*=p"
"?""(C16 H12 Cd1 N4 O6)nR-3@r*=p"
"LOMFEY_lo.png\d"
"5'BEPNOB@#Q`lo@#H˒@a-?h3(C10 H15 N2 O6 Zn1)nP61@a-BEPNOB_lo.png_c"
"7'XEMPIO@W)@2W@f+?R4(C10 H16 N1 O14 Tb1)nP21/c?ȟ@XEMPIO_lo.pngZb"
"1'CAYGIU@@&,s.@vCdZ?++(C6 H8 Cu1 N8 O1)nP43?v5CCAYGIU_lo.png[a"
"/'YEYVII@:kP"
"A+QQQDMP01@h]k@8@nO?ɚ$(C4 H14 Co1 N2 O12 S1 2+)nC2/c@nOQQQDMP01_lo.png[_"
"/'QUQPIC@	k@k}@?&](C24 H14 Cd1 N6)nP21/c@QUQPIC_lo.png&"
"1+KUNTAQ03@X@Fkȟ@s?$(C8 H4 Al1 F1 O4)nImma?s*KUNTAQ03_lo.png"
"5'GECXUH@;dZ@"
"5'CUMLUT@^@8ʁ@p(\?zcsm(C11 H13 Cd1 N1 O7)nP21/n@p(\CUMLUT_lo.pngbX"
"5+NANYUX01@wkQ@s҉@fffff?I^5(C14 H18 N2 O7 Zn1)nP21/n?䰞8NANYUX01_lo.png	"
"5'GALBUS@""&+jg@!Bo@33333?ֺ(C22 H14 N4 Ni1 O4)nP4212@33333GALBUS_lo.png"
""
"A'LEDWIB@w@;yR4@`A7?j(C14 H16 Ag2 F6 N4 O6 S2)nP21/c@`A7LEDWIB_lo.png`S"
"5'XILCAX@P3:}@J)s@nVu?FIm(C18 H18 Cu1 N2 O6)nP212121@nVuXILCAX_lo.png+/+PITYUN04@H`V@R\=x@+?jv5C(C12 Ag3 F18 N9)nI-42d?၃doPITYUN04_lo.pngcQ"
"C'TAMHUM@&O@	7KƧ@G=p"
"?`N(C11 H14 Ag1 Cl1 N4 O5 S1)nR-3?~TAMHUM_lo.png"
"/+PITYUN01@>B[@W+j@ĝ-V?d(C12 Ag3 F18 N9)nI-42d?⼾aPITYUN01_lo.pngdN"
";+VOMSEW01@#vȴ@_*c@}ěT?1m(C18 H16 I3 N3 O7 Zn1)nP4/n@}ěTVOMSEW01_lo.pngt"
"9'PEHQAW@ulv@t*1@s"
"g(C12 H16 Na1 O12 Sm1)nP4/ncc?H+PEHQAW_lo.png_K"
"='COHVOM@ͳ"
"5'SUGVUM@1u@E`A7L@"
"=q?zN(C20 H18 Cu1 N4 O6)nI41/a@"
=qSUGVUM_lo.png
"(w@\)?'(C17 H18 Ag1 F3 N2 O4)nR-3@\)FUSMIQ_lo.png^G"
"5'OWITAQ@_g"
"=+COHVOM01@9Y@E#N@hvt?N(C12 H16 Br2 N2 O5 Zn1)nCc?sБ}kCOHVOM01_lo.png"
""
"U			+mH'lLV"
"=p?=K^(C8 H6 Ni2 O6)nR3m?$Jb$KOSLOV_lo.pngd3'EZIMAC@#K]d@avݬ@?rK8(C15 H7 Cu1 N1 O4)nR-3c?!5_EZIMAC_lo.pngd{-'OQETEK@""W@!ͳ}@"
"=p?gmq(C15 H9 O7 Yb1)nP43@"
"=pOQETEK_lo.pngd 1'ZOZZAR@LB@"
"Sy@tj~?nmuC10 H6 Cu8 N16 O10C2/c@tj~ZOZZAR_lo.png^x"
"5'AFEBAQ@o@a@itj?t(C14 H20 N2 O7 Zn1)nP21/c@itjAFEBAQ_lo.pngd"
"AAA"
""
""
""
1010
"comm_contrib/ALICII_lo.png^"
"5'YIXYUB@yg@q4@t9XbN?Ws(C9 H8 Cd1 N3 O3.5)nP42/n?<YIXYUB_lo.png`"
"5'BUKMUQ@?TǏ@"
"/(C15 H21 N3 O6 Zn1)nP212121?W}WBUKMUQ_lo.png^~"
"5'EYOQAL@ܱF_@c灃@{\(?F]cf(C22 H18 Co1 N4 O4)nP4212@{\(EYOQAL_lo.png[}"
"3'WUFFOT@G2P]@+e%@g\Z1@"
"1+KEYFIF01@N~@[q@gȴ9X?Gj(C9 H7 Cu1 N1 O3)nR-3?نDR?gKEYFIF01_lo.pngX{"
"/'SETQAL@p"
"@08@sGz?U5Q(C16 H15 Fe1 O5)nCc@sGzSETQAL_lo.png]z"
"/+PYDCUO01@0j+@qi@izG@IV(C7 H5 N1 O7 U1)nP61?l<K"
"PYDCUO01_lo.png^y"
"5'WAJGAQ@O""}@߄{@Tx?N(C18 H20 N2 O8 Zn1)nP21/n?fAWAJGAQ_lo.png]x"
"5'VAHVOR@7KƧ@]2f<@'O;d?Xe(C15 H11 Dy1 N2 O8)nC2/c@'O;dVAHVOR_lo.png]w"
"3'DUMXUG@7~@VH@j	l?VCg(C12 H8 Dy1 N3 O9)nP21/c?x?)DUMXUG_lo.png^v"
"5'MUHKIJ@an@D)@e&vȴ?=B(C14 H10 Cu1 N8 O1)nPna21@e&vȴMUHKIJ_lo.pngau"
"='HUVKAK@F`-@l""h	@&x?o"
"6P(C17 H15 Ag1 Cl1 N5 O4)nPbca??ײHUVKAK_lo.png]t"
"++ZIVDIT01@hr!@?>@uXbM?Կ	(C6 H4 Cu1 N5)nP21/c?c4ZIVDIT01_lo.pngZs"
"/'EZIMEG@#Zx@Gud0+@-S?&fC20 H5 N4 O12 Zn5R-3m?y(EZIMEG_lo.png^r"
"9'YEZFIU@m@2_@""?RiY_(C9 H19 N9 O2.92 Zn1)nR-3@""YEZFIU_lo.png`q"
";'ZUDQUM@@Fd"
";'SOMFEG@ܮG@^J@`\(?⌽D(C14 H12 In1 N1 O8 S2)nP4122?&IRSOMFEG_lo.png`o"
";'WOWNED@4֡b@o]@S?($J(C17 H11 N5 Ni1 O4 S1)nC2/c@SWOWNED_lo.png`n"
"='TUYQAH@,nm@b@xR(\@tT(C14 H14 Br4 Hg2 N2 O4)nP-1?8q`TUYQAH_lo.png\m"
"1'YIXZAI@pd@gw@Dn?'RTa(C9 H7 Cd1 N3 O3)nP42/n?ݻYYIXZAI_lo.pngal"
";'LIDZOP@4D@@nƧ?eK(C14 H8.4 O6.2 S1 Sr1)nP21/n?؏`VLIDZOP_lo.pngWk"
")'IDIWOH@M@Ë`k@JQ?do(C8 H4 O5 V1)nPnma@JQIDIWOH_lo.png\j"
"3'PASFIA@8tj@!Wh@_Ffffff@8\g(C12 H6 Cu4 N4 O9)nC2/c?z9`PASFIA_lo.pngZi"
"1'KOSJUZ@&9""`@#6@Q?P(C8 H4.43 Co2 O6)nR3m@QKOSJUZ_lo.png^h"
"5'LUKGOP@~t)<@,s-@""""`B?"
"5'LICXEC@i}@'X:S@^"
"-V?<tT(C14 H14 Cu1 N8 O2)nP42/n@^"
"-VLICXEC_lo.pngXf"
"-'OQETEK@""W@!ͳ}@"
"=p?gmq(C15 H9 O7 Yb1)nP43@"
"=pOQETEK_lo.pngde"
"C'XICDUI@_Ë@af@%zH?,0	)(C18 H12 B1 Cl3 Cu1 F4 N5)nPbca?1;.]XICDUI_lo.png\d"
"7'FEJGEH@cP@68YJ@-V?7,QI(C18 H26 Cl2 N2 Sn1)nP1?ŬGGFEJGEH_lo.png_c"
"7'YOTYAJ@G@{@"
"=p?4.۶(C16 H12 Ga2 N2 O16)nP21/c@"
"=pYOTYAJ_lo.pngcb"
"C'TAMHUM@&O@	7KƧ@G=p"
"?`N(C11 H14 Ag1 Cl1 N4 O5 S1)nR-3@G=p"
"TAMHUM_lo.png_a"
";'NEVLAD@7Kƨ@쪸@Q?nm(C17 H16 N2 O7 Pb1 S1)nP-1?{NEVLAD_lo.png_`"
";'IWEXIS@7@h]k@?5 D(C17 H11 Cu1 N6 O8 1-)nP-1?”IQIWEXIS_lo.png"
""
"L			-lL(]7p3"
"3'PEPLEC@j%@<Z@\(?{T^(C14 H11 N1 O5 V1)nP212121?٩T!DPEPLEC_lo.png"
";'PIHREF@""ӄv@v6@E?2a"
"5'VOFXUL@'76@˾ʫ]@L-?Wh(C16 H14 Ag2 N8 O6)nPnna@L-VOFXUL_lo.png"
"3'FIPWUY@5?"
"5'DOQSAF@=4X!@ÿrq6@"
"=p?	A!la(C18 H9 Mn2 O10 1-)nC2/c?ϕDOQSAF_lo.pngaa"
"3+SAMLAV01@{@z$L@m?p"
"=(C12 H7 Cd1 N3 O6)nP21/c@mSAMLAV01_lo.png"
"C'NOWHIQ@@Z:э&@h^5?"
"=(C14 H26 Cd1 Cl1 N1 O6 S1)nP212121@h^5?"
"+'YEMJAC@yR4@Yr@9XbN?i(C9 H5 Dy1 O7)nP4322@9XbNYEMJAC_lo.png]]"
"-+SAQYEO01@GRC@S2@uII^?f3(C8 H14 Cd1 O9)nPcca@uII^SAQYEO01_lo.pnge\"
"C'PUQDIQ@:}O@2m@iG?mV(C13 H10 Ag1 F6 N2 S1 Sb1)nP21/c?	ͳ}PUQDIQ_lo.png`["
";'FECPIM@0!5@TuL@yzH?D(M(C9 H13 Cu1 N2 Na1 O8)nP432@yzHFECPIM_lo.png`Z"
"='COSMII@!{@Ѿo@~;dZ?Eb(C14 H10.5 In1 N3.5 O8)nR3c?;<ϖCOSMII_lo.png`Y"
"9'LAGVAS@)VE@gd@=p"
"?r"
"6P(C9 H17 Cu2 I2 N5 O1)nP21/n@=p"
"LAGVAS_lo.png[X"
"1'KEFBOO@'+j@]U\@?33333?"
"5((C18 H10 O10 Zn2)nR-3m@?33333KEFBOO_lo.pngdW"
";+VOMSEW04@#@_@}tj?!o(C18 H16 I3 N3 O7 Zn1)nP4/n@}tjVOMSEW04_lo.pngaV"
";'CITJEV@""S5@"
"gb@Z1?cI{(C10 H20 Cu3 N3 S7 W1)nP21/c?QCITJEV_lo.png"
";'FUSMEM@$h>-b@""iQ@'\)?"
"3'EZIMAC@#K]d@avݬ@?rK8(C15 H7 Cu1 N1 O4)nR-3c?!5_EZIMAC_lo.png_R"
";'NUXYIP@ cA \@j@wMS@X%[(C14 H10 I3 N5 O5 Pb1)nR-3@wMSNUXYIP_lo.png]Q"
"5'GUCXAE@7@i4@r"
"=q?9wr((C21 H16 Mn1 N4 O6)nC2/c@r"
"=qGUCXAE_lo.pngZP"
"-'CUFYUZ@%f;@!Z}OC@G{?#̍(C21 H11 O8 U1)nP-62c@G{CUFYUZ_lo.png]O"
"/+PYDCUO02@{5@$5in@i(bM@R(C7 H5 N1 O7 U1)nP65?:}OCPYDCUO02_lo.pnghN"
"=+YOZBUL01@(_鷿@$9@Q?9(C12 H6 Cl4 N10 O4 Zn2)nP63/mmc?䈤~YOZBUL01_lo.pngbM"
"3+WAJJEY01@5Xy>@wFz@9G{?]$D(C9 H3 Li1 O6 Zn1)nP41212?!5WAJJEY01_lo.png"
"-+OSIWOD01@kP{@*D_@^S?/V(C8 H12 Ag2 N6)nC2/c?iJAOSIWOD01_lo.png\J"
"-'IXODUV@*1@ Z@zG?0_@(C14 H12 O5 V1)nP212121?8<!~IXODUV_lo.pngeI"
"G'HUFJAV@ Jb#@v@-V?S4(C11 H14 Ag1 B1 F4 N4 O1 S1)nR-3@-VHUFJAV_lo.png1'YIXZAI@pd@gw@Dn?'RTa(C9 H7 Cd1 N3 O3)nP42/n@DnYIXZAI_lo.png"
"5'FIFNUE@!R*o?S@&@"
"/'ATOTIM@+;@+d p@G{?}E~(C16 H10 O10 V2)nCmcm?$Jb#ATOTIM_lo.png<"
"/'MIYGUX@UqK@.	@^5?}?ցԪ(C10 H12 Cu2 N4)nI-43d@^5?}MIYGUX_lo.png"
";'WOWNED@4֡b@o]@S?($J(C17 H11 N5 Ni1 O4 S1)nC2/c?ۏWOWNED_lo.png"
"gCORZOA_lo.png"
"(wN@r*=p"
"?""(C16 H12 Cd1 N4 O6)nR-3@r*=p"
"LOMFEY_lo.png\M"
"1'GUPDEB@42^@4X!@3"
"=p?APB(C6 H6 Cd1 N6 O5)nIm-3m?MaGUPDEB_lo.png[L"
"3'VISCAB@7KƧ@(P*@"
";'RIGWIP@wpy@pO4@q^5?}@Ck(C12 H8 Eu2 N4 O10.13)nP21/c@q^5?}RIGWIP_lo.png^J"
"9'BEYLAU@Q@`A7@E?9#w(C18 H12 N2 O9 S1 U1)nP-1@EBEYLAU_lo.png3"
"5'WOBHOM@<64@.@O;dZ?t}^_(C12 H11 N1 O9 Zn2)nP212121@O;dZWOBHOM_lo.png^G"
"1+CAYDOX04@	@A_E@wrbM?9XbN(C6 H8 Cu1 N8 O1)nP41?sCAYDOX04_lo.png;'NUXYIP@ cA \@j@wMS@X%[(C14 H10 I3 N5 O5 Pb1)nR-3@wMSNUXYIP_lo.pngW"
"5'DARYEB@\(@p@I^5??"
"3'PURQOJ@&n@bn@=p"
"?CRe'(C10 H5 Cu1 N3 O4)nP4332?9-*EPURQOJ_lo.png$;'NARMOK@""Tw[@ E\R-@33333?+l(C20 H12 N2 O4 S2 Zn1)nP21/c?vNARMOK_lo.png"
"+'EBEWOZ@(o@d5inX@`A7L?)^(C9 H3 Gd1 O6)nP4122?nEBEWOZ_lo.png^>"
"7'XUTGEA@㕁$@ml5"
"C'FUTYEA@le@@UDR@?$tS(C14.424 H17.56 N1 O6 Zn1)nP21/n?s-FUTYEA_lo.png	+;'HUVJUD@*&@N&Ԁ@;j~#?r/Y(C17 H15 Ag1 F6 N5 P1)nPbca?5TuLHUVJUD_lo.pngb:"
"5+SIXFIQ01@#եc@o@Q?c1(C24 H14 Cu1 N2 O4)nP21/c@QSIXFIQ01_lo.png	"
"7'KALGOV@"
">@a@s(\?j򐫴(C8 H17 Ca1 N1 O10)nR-3?A(oTINCOJ_lo.png\6"
"1'SIKGEA@?F@٩@Q?+<Ĭm(C8 H8 Cu1 N4 1+)nP3112?k	SIKGEA_lo.png"
"D(C12 Ag3 F18 N9)nI-42d?zN{PITYUN_lo.png`3"
"5'OWITIY@Nv@7py,@\?"
"(C18 H6 Mn2 O12 2-)nI41/acd?`VOWITIY_lo.png ;'ZUDQUM@@Fd"
"5'PUBDUN@Ev@@NU@vlD?%2(C14 H13 Mn1 N1 O8)nC2/c@vlDPUBDUN_lo.pngd/"
"A'ZIDPEH@$LD"
"5'GUCXAE@7@i4@r"
"=q?9wr((C21 H16 Mn1 N4 O6)nC2/c@r"
"=qGUCXAE_lo.pnga+"
";'VUKFEN@mqb@*"") @zG?S*I(C14 H23 Co1 N4 O9 1+)nP6422@zGVUKFEN_lo.png"
"@08@sGz?U5Q(C16 H15 Fe1 O5)nCc?'!WiSETQAL_lo.png^)"
"5'GECXUH@;dZ@"
";'FURQOZ@$1@""{5*@"
"=p?<쿱(C19 H14 Ag1 F3 N2 O3)nR-3?=Ć-FURQOZ_lo.png^<"
"5'FUTZEB@XdE$@Tn@zG?@NU(C17 H18 N2 O6 Zn1)nP21/n?nCFUTZEB_lo.png"
""
"=			 i:rB~ i>m"
"5'BEPPOD@#<ؘ@""	@l?P{(C12 H19 N2 O6 Zn1)nP61?(bBEPPOD_lo.png_]"
"9'OVICUS@{@Wh@{5?"
"E+BUKMUQ01@IV@:/l@nQ?c4(C14.555 H21 N2.555 O6 Zn1)nP212121@nQBUKMUQ01_lo.pngd["
";+VOMSEW03@#	@mǤ@~"
"=p??>q(C18 H16 I3 N3 O7 Zn1)nP4/n@~"
"=pVOMSEW03_lo.png^Z"
"5'RIWBOP@!j0U2a"
"='FAZPED@"
"=p?U(C12 H10 Cl1 Co2 N5 O5)nR-3?nY!FAZPED_lo.pngYX"
"+'LAVTOT@=}H@J)s@@\)?6n~(C9 H5 Er1 O7)nP4322?GzHLAVTOT_lo.png"
"=p?gmq(C15 H9 O7 Yb1)nP43?nOQETEK_lo.png[V"
"/'BEWSAY@$`k{@ ay"
"=?"
"5'EWIHIC@g @{ 1@k&`A?LI'(C14 H22 Cd1 N8 O4)nP21/n?ޓՐEWIHIC_lo.png`T"
";'DEYNIG@Z1@%@/9#w@.3(C10 H10 Cu3 I2 N4 O7)nPbcn?rGE9DEYNIG_lo.pngbS"
"='XICLAY@%""ᰊ@#ƒ)@ozG?W)(C20 H16 Cu1 I4 N4 Pb1)nP21/c?LWxXICLAY_lo.pngdR"
"A'NILPEF@/^@2v@qO;d??"
"3+SAMLAV02@RJ@S:}P@8\(?-8Go*Z(C12 H7 Cd1 N3 O6)nP21/c?pPSAMLAV02_lo.pngdP"
"A'DOSREJ@~ Fd@)4@^`A?,(C22 H19 Ag1 F3 N2 O2 P1)nP21/c?eڹDOSREJ_lo.png^O"
"9'QOVDEL@#H@""R`@""`B?j :(C6 H16 N2 Ni2 O8 P2)nR-3@""`BQOVDEL_lo.pngfN"
"A+POKBOH01@1;@FV@07KƧ?*0(C13 H15 Ag1 F6 N3 O2 P1)nP41?"
"RiY_POKBOH01_lo.png\M"
"3'OCUPUY@@1X'@sZ/?{(C5 H14 O10 P2 V2)nImmm@sZ/OCUPUY_lo.pngdL"
"?'HATZOS@np&@OQ@["
"=p?Wh(C12 H8 Ag1 F3 N2 O4 S1)nP41212?E"
"/HATZOS_lo.pngRK"
"!'RUBYUK@/p:~@""#`O@(\?!"
";'FUSMOW@%K@# N@H33333?~(C17 H18 Ag1 F3 N2 O4)nR-3?SeXOFUSMOW_lo.png^I"
"5'DIDBID@""KCV@٩T@zG?"
"3'XEJVOZ@&&I@̕Ex@]`A@"
"RiY_(C10 H4 N4 O8 Sr2)nR3c?/l5XEJVOZ_lo.png[G"
"3'CAYDEN@//s@yV@sƧ?$ p(C6 H10 Cu1 N8 O2)nP41?y"
"='YOZBUL@(V"
"-+OSIWOD01@kP{@*D_@^S?/V(C8 H12 Ag2 N6)nC2/c@^SOSIWOD01_lo.png^D"
"5'OWITUK@>i;@E @aG{?,P(C18 H6 Fe2 O12 2-)nIa-3d?腱HOWITUK_lo.png`C"
"5'OWITIY@Nv@7py,@\?"
"(C18 H6 Mn2 O12 2-)nI41/acd@\OWITIY_lo.png_B"
"5+CEYPUT01@6!.I@f@bM?x(C15 H15 Co1 N3 O5)nPn@bMCEYPUT01_lo.png]A"
"5'MUBREI@"
"cO@CA0@i6+J?q.S(C14 H10 Cd1 O7 S1)nC2/c@i6+JMUBREI_lo.png\@"
"3'OHAGAH@@K@?[}F(C14 H9 Cu1 N1 O5)nPbcn?NTOHAGAH_lo.png`?"
"5'WOBHOM@<64@.@O;dZ?t}^_(C12 H11 N1 O9 Zn2)nP212121@O;dZWOBHOM_lo.png`>"
"='AFULAP@3-@@x@"
"='IBICAZ@$K@#5@4E?($xG(C11 H19 Cl1 N2 O4 Zn1)nP61@4EIBICAZ_lo.pngb<"
"5+NANYUX02@@qu""@AQ?Y_a((C14 H18 N2 O7 Zn1)nP21/n@AQNANYUX02_lo.png\;"
"5'PODWIQ@nX/D@om@V$xG@vȴ9(C12 H15 Cu2 I2 N7)nR-3@V$xGPODWIQ_lo.pngd:"
"A'TIVTAU@UY"
"3'EZILUV@#@o9@zH?Ud(C15 H7 Cu1 N1 O4)nR-3c?'RT`eEZILUV_lo.pnga8"
"='CICYUJ@}At?@@zn?Gy(C14 H16 Cl2 Co1 N4 O3)nPnna?܍[CICYUJ_lo.png"
""
">Pt4"
"K8WB"
z
"	h"
"PP		8O\	"
"h,vD"
"J8	\ n	"
"h	*"
"	8	\"
"}\	N	 	D+t.z(htj?F"
"OP ""	P&D6		ht"
"q"
""
n
"bT,"
"0"
"$	}"
"CB	be\		eWI<0#znTcXK=/#vj_SH"
"<0%zocWK@4(wk`TH<0$x"
"FAQBOODITYIQ+HISFUMDUMJAYECAHIBnALHSCUCOHVOMADUROICICYUJ8FUXCAEBEPNOBITUVOJIWEXIS`COJGAJ03CITJEVVCUMLUTKUNTAQ02DUKYIT&FUSMIQ:BUYYIEIBICUT@nEZILUV9COSMIIZHOYQIXGALBUSACODEDHATZOS02(IXOFUX01KOSKEKrEYOPUEGECXUHKOSJUZiBEPNIV#AFEBAQDAPGEG01}DIDBIDIJUMCURCOJGAJ02BEPMAMAJIJINDOTHURIXOFEHEWIHICUCORZOAHURHAE01ZBEPLUFKOSJOTFURSANzKOSLOVDUGFAO<BUYYEAJECFONBUKMUQ01\KINNAYGAXKUNEZIMACSFUSMUC#KAPHOZEZIMIKFUSNAJDUKQACHIKMIYIBICAZ=DEYNIGT	PFUSMEMTAGAWUACUQKIKFUTYEAHUFHEXFOGGIT""IBICIH	AAKEFBIIFIPWOSELIKAM>	"
""
"EYOQAL~DOSREJPKEFBOOX"
X
"KALGOVKALGOV$JUZXAD01BEYSEFEBEWOZ01m"
""
"IXOFUXIXOFUXIXOFORCAYDOX03%IWETUZ"
""
"GIFKAH"
"FEJGEHw"
"FAMCUT[EZIMIK"
"EZIMEG/"
"ELIKOA}O"
"EBEWIT<"
"D:"
"CUFYUZA"
"CITHOD="
"BOLFUEl"
"BEYSEFKBEYLAUJ"
"BEWSAYJ"
"BEPPOD"
"BEPMAM\BEPLUFR"
"BARXICOB"
"	f"
"YMAR5'"
">r}qZVA3%"
""
""
"BN"
""
"6"
""
"z"""
"uh"
i
"]"
"F"
:
"."
"

"
"O'YIRFAI@k΅@)@zzG?ﲪ9(C14 H18 B1 Bi1 Cl2 N4 O2.19 S2)nP21/c?NYIRFAI_lo.png^!"
"5'COJGAJ@1j@uy(@phr!?9m	(C11 H15 Cu1 N3 O6)nP21/c@phr!COJGAJ_lo.png] "
"5'VUNJEU@_g"
"3'WAJHUM@ag#$@ם"
"gb@\)?~6(C9 H3 Li1 O6 Zn1)nP41212?DUGZWAJHUM_lo.pngV"
"%'XIJNUA@0t[@/127@P=p"
"?sUC14 Cd14 S22P6222?IbXIJNUA_lo.png\"
"5'DARYEB@\(@p@I^5??"
"1'GUPDEB@42^@4X!@3"
"=p?APB(C6 H6 Cd1 N6 O5)nIm-3m?MaGUPDEB_lo.pnga"
"='NUMZOL@v@05Q.@aS@a(C10 H12 Ag2 N2 O10 S2)nPbcm@aSNUMZOL_lo.pnga"
";'SOKKUZ@@N}Vl@?^N(C14 H12 In1 N1 O8 S2)nP4122?S;wSOKKUZ_lo.png^"
"3'WAJJAU@GG#@k}:@j\(?o5(C9 H3 Li1 O6 Zn1)nP43212?CcWAJJAU_lo.png]"
"3'PURQOJ@&n@bn@=p"
"?CRe'(C10 H5 Cu1 N3 O4)nP4332?9-*EPURQOJ_lo.png["
"3'ALHSCU@:@7Ȋ@ni&x?F"
"L/(C9 H16 Cu1 N4 O5)nP21@ni&xALHSCU_lo.pnga"
"3+SOWCOY01@	@@x@"
"1'ELIKEQ@B@uO7u@sD=p"
"?ws(C15 H13 Nd1 O10)nP-1?wsELIKEQ_lo.png^"
"5'FUTZEB@XdE$@Tn@zG?@NU(C17 H18 N2 O6 Zn1)nP21/n@zGFUTZEB_lo.png_,"
";'FURQOZ@$1@""{5*@"
"=p?<쿱(C19 H14 Ag1 F3 N2 O3)nR-3?=Ć-FURQOZ_lo.png_"
";'FUSNAJ@%]cA@#U2a"
"5'SIXFIQ@!p#cW"
";+JUZXAD01@g@f;@gϝ-V?}(C12 H16 Cu1 N4 O9 S1)nP212121@gϝ-VJUZXAD01_lo.pngb"
"5+GITVIP01@1<@5inX@(lD?zC\(C12 H4 Cl8 N8 Zn2)nPm-3m@(lDGITVIP01_lo.png;"
""
""
"0		q	U1j"
"+'HAWMAT@ ]0j+@zFsB@p"
"=?ؐOC2 Ag3 N4 O5 P2P-1?iQX(HAWMAT_lo.png_"
"5+FIFPAM01@d̣@Fy@t/Q?z(C12 H20 N2 Ni1 O9)nCc@t/QFIFPAM01_lo.pnge"
"G'HUFHEX@!nmu@E84@\(?s8q`l(C11 H14 Ag1 F6 N4 O1 P1 S1)nR-3@\(HUFHEX_lo.png]"
""
"5'EBEMOO@0O@"
"6P@lF?yUD(C16 H10 Cd1 N6 O4)nC2/c@lFEBEMOO_lo.png^"
"5'OWIVAS@?)r@[LPr@v8Q?""G'ܾ(C18 H6 O12 Zn2 2-)nIa-3d?	OWIVAS_lo.pngb"
"='HEHJAH@%r/Y@%Mr/Z@\(?Fs(C24 H16 Cu1 I4 N4 Pb1)nP21/c@\(HEHJAH_lo.png^	"
"9'BEYLAU@Q@`A7@E?9#w(C18 H12 N2 O9 S1 U1)nP-1?a"
"5+SIXFIQ01@#եc@o@Q?c1(C24 H14 Cu1 N2 O4)nP21/c@QSIXFIQ01_lo.png^"
"7'VANWIS@F^""S@>WS@o&M?Bzcsl(C12 H16 Cu1 N10 O7)nC2/c@o&MVANWIS_lo.png`"
"='FAQBOO@ƼS;@(@7R?"
";'TEQTAM@灃@EXOL@=p"
"?7-#N(C20 H14 Cd1 N4 O4 S2)nP21/c@=p"
"TEQTAM_lo.pngX"
"-'WISTID@su:>@ěT@yE? {5*8(C16 H8 O9 Zn2)nP-1?[TWISTID_lo.png"
"='KIQKAW@jJL@Ѣ@u"
"=p?(C18 H12 Cl2 Fe1 N2 O6)nP-1?ᰉ'KIQKAW_lo.pngb"
"A'NUMVIA@doa@GO@C?{t(C16 H18 F2 N4 O5 Pb1 S2)nP-1?+ʫNUMVIA_lo.pngb}"
"5+NANYUX03@-Z[(@ڤ+@=p"
"?sБ}(C14 H18 N2 O7 Zn1)nP21/n@=p"
"NANYUX03_lo.png_"
"/+PITYUN02@&@v@o?;<ϖ(C12 Ag3 F18 N9)nI-42d?˼+@PITYUN02_lo.png_{"
";'FURREQ@$>@""J@X33333?V.	(C17 H18 Ag1 F3 N2 O4)nR-3?QFURREQ_lo.png`y"
";'YAKJUR@l""h	@?@mo?7!<(C18 H19 Cu2 I2 N5 O1)nC2/c@moYAKJUR_lo.png\x"
"1'SIKGEA@?F@٩@Q?+<Ĭm(C8 H8 Cu1 N4 1+)nP3112?k	SIKGEA_lo.png_w"
"5'FAPTIB@VC-@Tc4@?{e@y(C18 H13 Cd1 N3 O4)nP21212?oFAPTIB_lo.pngYv"
"+'LAVTIN@1m@DLD"
"/'QIXGUZ@,=@Xިc@"
"=q?A}(C20 H16 Cu2 N6)nPca21?^NQIXGUZ_lo.png^t"
";'FINJIX@vȴ9X@aBo@z?vj(C12 H16 Mn1 N2 O7 S1)nC2@zFINJIX_lo.png[s"
"3'VISCAB@7KƧ@(P*@"
"='TAMJEY@%_&@++@1\)?plC(C12 H14 Ag1 Cl1 N4 O5)nR-3?fPTAMJEY_lo.pngbq"
"9'ITUVOJ@!aEc@~GX@kR?z(C22 H6 F4 In1 O8 1-)nI41/acd?f:ITUVOJ_lo.png^p"
"5'XICNOO@11;.@ܾa@΅Q?F{S(C12 H4 O16 S2 Zr3)nFm-3m@΅QXICNOO_lo.png`o"
";'VOFYAS@&DR?g@ov@yY+?w[0(C12 H18 Cu2 N6 O8 S1)nC2/c@yY+VOFYAS_lo.png"
"A'YIKJUZ@!@6@ޏ\(?)(C8 H8 Ag2 Cl1 N12 O4 1+)nFd-3c?f'YIKJUZ_lo.pngaz"
";'BUYYEA@8K@r2@)B\(?]U(C14 H23 Fe1 N4 O9 1+)nP6422@)B\(BUYYEA_lo.png\k"
"5'LEQRUV@M/^ @<쿱@h+J@ E(C10 H8 Br8 Hg4 N2)nP21?A5TuLEQRUV_lo.png^j"
"5'LUMDIG@C@Ho@+?07(C12 H10 Cd1 N4 O4)nI41/a@+LUMDIG_lo.pngei"
"C'FUTYEA@le@@UDR@?$tS(C14.424 H17.56 N1 O6 Zn1)nP21/n@FUTYEA_lo.png^h"
"1+CAYDOX04@	@A_E@wrbM?9XbN(C6 H8 Cu1 N8 O1)nP41?sCAYDOX04_lo.pngag"
"5+TUPDIT01@Zҝ&@S@yZ1?>WS(C18 H12 Cu1 N6 O4)nPnna?TUPDIT01_lo.png\f"
"5'LOMFIC@!kj@_6&,s@tR?3ti(C16 H12 Cd1 N4 O6)nR-3?~$LOMFIC_lo.pngae"
"9'FUDQIF@@婨h@^)o?.O""}(C8 H8 F6 N4 Si1 Zn1)nP4/mmm?"
";'BOLFUE@Xd@;wF@P""`?(C19 H23 N1 O2 S2 Sn1)nP21/c?҈BOLFUE_lo.png"
